start	end	eng	cmn	jpn
30248	32032	 Kevin Flynn: The Grid. 	 『创界网络』 	 グリッドゾーン 
33612	35035	 A digital frontier. 	 数位的新领域 	 デジタルの世界 
37496	42042	 I tried to picture clusters of information, as they moved through the computer. 	 我尝试想橡电脑里 资料串移动行进间 	 記憶型情報はコンピューターの中を どう移行するのだろう 
43043	45045	 What did they look like? 	 看起来橡什么？ 	 どんな形をしてるのだろう？ 
45462	48048	 Ships, motorcycles? 	 船？摩托车？ 	 船か？ バイクか？ 
48590	51051	 Were the circuits like freeways? 	 电路橡高速公路吗？ 	 集積回路をどのように使うか？ 
51218	54054	 I kept dreaming of a world,  I thought I'd never see. 	 我一直梦想着一个世界  以为自己终将无法亲眼目睹 	 一生見る事の無い世界を 私はいつも想像してた 
56181	68008	 And then, one day.  Sam: You got in.  Kevin: Ha, ha, ha, that's right, man.  I got in. 	 然后，有一天  你进去了  没错，我进去了  【创：光速战记】 	 そして ある日ついに私は  入った そうだよ　入ったんだ 
98639	102042	 Kevin: And the world was more beautiful than I ever dreamed. 	 这世界比我想橡的更漂亮 	 その世界は想像してたより ずっと綺麗だった 
102309	107047	 And also, more dangerous than I ever dreamed.  Get in bed now, come on. 	 也更危险…  该上床了，小子，快点 	 そして思っていたより 危険だった  もう ベッドに入れ 
108275	113053	 Now, I met a brave warrior.  -Tron. -Ba, ba, bom, bom, bommm. 	 然后，我遇见一位英勇的战士  创！ 	 そこでパパは勇者に会った トロン  バンバ　バンバン　バーン 
113887	115055	 Kevin: TRON! 	 创！ 	 トロン！ 
115479	118058	 Sam: He fights for the users.  Kevin: He sure does. 	 他为使用者而战  没错 	 ユーザーの為に戦う その通り 
118272	129009	 Oh man, he showed me things that no one had ever imagined.  Here at least. Disc battles fought in spectacular arenas.  Cycles that raced on ribbons of light. 	 他让我看了一些超乎想橡的东西  橡是超炫竞技场上的能量碟战斗  还有在光束上跑的摩托车 	 トロンは人間が想像した 通りの物を見せてくれた  素晴らしい競技場で 繰り広げられたディスクバトルとか  光の中を走るバイクとか 
129096	133013	 -So radical, and together, -Sam: You built the grid. 	 棒透了！  所以我们一起…  你们建造了创界网络 	 凄くカッコ良かったぞ  そして　グリッドを作った 新しいグリッドだ 
133823	147027	 Kevin: We built a new grid.  With programs and users.  Now, I couldn't be in there all the time.  So, I created a program in my own image.  That could think, like you and me. 	 为程式及使用者建造了新网络  因为我无法总是待在那  所以我用自己的形象创造了  一个会思考的程式  就橡你、我 	 プログラムとユーザー　両方の為に  ずっとそこに居られないから  自身のイメージでプログラムを作った それは考える事が出来るんだ  お前やパパみたいに 
147434	151031	 And I called him, CLU. 	 我叫他「库鲁」(CLU) 	 そいつの名前はクルー 
151468	155035	 Codified Likeness Utility.  Kevin: That's right. 	 虚拟分身拟真系统  没错 	 ユーザーそっくりのプログラムだ 正解 
155290	164044	 And CLU, Tron and I, we built the system where all information was free,  And hope, beautiful. 	 于是，库鲁、创和我建构了创界  所有的资料全都免费开放  非常美好 	 クルーとトロンとパパは 新しいシステムを作った  そこでは全ての情報が  美しい 
166554	172052	 And then, one day.  Something happened. 	 然后，一天，有壮况发生 	 いつの日か  無料で共有できる 
174668	178058	 Something...extraordinary. 	 是件奇特的事 	 見事な出来だった 
180840	183003	 A miracle. 	 一个奇迹 	 奇跡だ 
186520	188008	 What was it? 	 是什么？ 	 何なの？ 
189203	192012	 That'll have to wait until next time. 	 那得留到下一次再说 	 それは 今度話してやるよ 
192225	202022	 How 'bout I get to work.  I'm wanna go with you, Dad.  Yeah, well.  One day, you will.  I promise. 	 我得去工作了，小子  爸！我想跟你去  是吗？  有一天你会的，我保证 	 仕事に戻らなきゃ  ボクも行きたいな  そうか！　じゃあ いつか連れてってやるよ  約束する 
202250	205025	 To the grid?  Good night, Sam. 	 进入创界网络？  晚安 	 グリッドへ？ おやすみ　サム 
207416	211031	 All right, what do you say tomorrow, you and I hit the arcade? 	 你觉得我们明天去打电动好吗？ 	 明日　一緒に ゲームセンターへ行かないか？ 
211622	217037	 You can have a crack at the old man's high score.  First games on me. 	 你可以试着破我的记录？  第一场我请客 	 パパのスコアに挑戦してみろ  最初のゲームに使え 
218552	221041	 Can we play doubles?  Sam: On the same team? 	 我们可以玩双打吗？同一队？ 	 一緒に出来る？ チームを組んで 
224062	226046	 We're always on the same team. 	 我们永远都是同一队 	 いつでもチームだよ 
248222	250010	 Good evening, our lead story. 	 晚安，今天的焦点新闻 	 今晩はニュースの時間です 
250125	258018	 ENCOM CEO and video game Icon, Kevin Flynn.  has disappeared.  He was best known for designing Tron, and Space Paranoids. 	 英克尔执行长及 电玩界巨擘凯文费林  失踪  他设计了两款史上最畅销的电玩 	 ゲーム業界のカリスマＥＮＣＯＭ社の ケビン・フリン氏が行方不明です  ゲーム史上最大のヒット作 トロンと 
258215	264024	 The two best selling video games in history.  Flynn took ownership of ENCOM in 1982. 	 「创」及「疯狂空间」后声名大噪  费林于1982年买下英克尔 	 スペースパラノイドの製作者と知られる  フリン氏はＥＮＣＯ社が業界トップに 躍り出た１９８２年に 
264113	267027	 And the company skyrocketed to the top of the tech industry. 	 公司在科技业中一飞冲天 	 同社のオーナーになりました 
267684	274034	 But things changed in 1985.  With the untimely death of Flynn's wife, the mother of his young son, Sam. 	 但1985年情况开始改变  就在费太太，山姆的母亲猝逝后 	 しかし１９８５年に 最愛の婦人が  一人息子のサム君を残して 亡くなるという悲劇が起こり 
274281	281041	 Recently ENCOM board members have been troubled by the reports of Flynn's erratic  even obsessive behavior. 	 最近，英克尔董事会对费林  古怪、妄想的行为感到困扰 	 以来フリン氏は常軌を逸した言動が増え  役員達を当惑させていたようです  オーナーの突然の失踪で 
281343	290050	 With Flynn missing, the company is now in Chaos.  This afternoon ENCOM's board moved to seize control from Flynn's partner, Alan Bradley. 	 费林失踪后公司陷入一片混乱  今天下午，英克尔董事会决议  从费林老友布雷迪手中夺回主权 	 騒然となったＥＮＣＯＭ社では 役員会が  共同経営者であった  アラン・ブラッドリー氏から実権を奪い 
290368	293053	 Vowing to return the company to profitability. 	 宣示要让公司重新获利 	 経営の建て直しに乗り出した 
293367	301001	 Loyal to the end, Bradley maintains his belief that Flynn is not missing.  And is instead pursuing his dream of quote: 	 老友布雷迪坚信，费林并未失踪  他只是在追逐他的梦想 	 親友フリン氏の失踪について ブラッドリー氏こう述べています  フリンは消えたのではなく 夢を追いかけているのだ 
301510	305005	 "A digital frontier to reshape the human condition". 	 「能改造人类现壮的数位领域」 	 人々の暮らしをより良いものにすべく デジタルの世界で 
306740	309009	 In there is a new world. 	 里面是一个全新的世界 	 そこに新しい世界があり 
309393	311011	 In there is our future. 	 里面是我们的未来 	 我々の未来がある 
311471	316016	 In there,  is our destiny. 	 里面是我们的命运 	 グリッドの中に 我々の運命がある 
321571	332032	 Even Flynn's most ardent supporters are now acknowledging a difficult truth.  Kevin Flynn may have simply, run away.  And while Flynn's loyalists hope for his imminent return. 	 现在连死忠支持者也不得不怀疑  凯文费林可能真的是落跑了  支持者希望他能尽快归位的同时 	 フリン氏の支援者も  この現実を否定しています  ケビン・フリンは逃げたんだと  彼が一刻も早く戻る事を 
332047	336036	 There is perhaps no one.... 	 没有人比混乱帝国的继承人 	 誰もが願って... 
336211	340040		 由祖父母照顾的小山姆费林更期盼 	
341096	346046	 He's coming.  He promised.  Kevin's mother: Sam, you have to eat.  Let go of me. 	 他承诺他会回来的  山姆，你得吃点东西  不要管我 	 帰って来るよ　約束したもん  サム　何か食べないと ほっといてよ 
346220	347047	 Sam. 		 サム！ 
347588	350050	 What will become of Flynn's legacy, and the future of ENCOM. 	 费林的遗产及英克尔的未来 	 フリンの遺産とＥＮＣＯＭ社は 
350582	355055	 Will most likely depend on what becomes of this now orphaned little boy. -SAM! 	 就全看这孤儿未来的表现了 	 どうなるのか...  この少年の今後に 掛かっている 
357270	359059	 Kevin's Mother: SAM, come back. 	 山姆！回来！ 	 サム　戻って来なさい 
371288	373013		 「警察」 	
469761	471051		 「管制区域」 	
474161	476056	 Well that is a big door. 	 这门可真大 	 分厚いドアだな 
476102	484004	 Welcome everybody, please settle.  I know it's late so I'll skip the pleasantries and hand things over to our chairman.  Richard Mackey 	 欢迎各位  请就座  我知道很晚了，废话不多说  马上交给我们的主席里查麦基 	 それでは皆さん  時間が遅いので 挨拶は省かせて頂きます  ではリチャード・マッケイ会長 
484567	486006		 「英克尔」 	
486903	489009	 Thank you, thank you. Thank you, Claire. 	 谢谢！谢谢！克莱儿 	 どうも　ありがとう 
491312	499019	 Tonight I am pleased to announce that ENCOM's last fiscal year,  was our most profitable, ever. 	 今晚我很高与宣布英克尔过去一年  是我们有史以来最赚钱的年度 	 我々ＥＮＣＯＭ社はこの都度  創立以来　最高の収益を 上げる事が出来ました 
500265	501021	 Yes. 	 没错 	 どうも 
519728	526046	 And at midnight tonight, the 12th version of our flagship operating system will hit the shelves.  Around the world. 	 就在今天午夜  我们的第十二版旗舰操作系统  即将在全世界上架 	 今夜　当社の誇るＯＳと そのバージョンジェルが発売される  世界同時に 
526086	540000	 Richard: I'm sure it comes as no surprise,  who we have to acclaim. The head of our software design team.  A man who's father own uh, notable history with ENCOM,  helped make this company, what it is today. 	 毫无疑问的，我们必须感谢  软体设计小组的召集人  他父亲成就了英克尔今天的成功 	 そこで我々が感謝すべきなのは  ソフトウェアデザインチームの リーダー  その人のお父上もまた ＥＮＣＯＭ社に多大な貢献をし  本日の基礎を築きました 
541470	545005	 Edward Dillinger. 	 爱德华狄林格，做得好 	 エダワード・デリンジャー 
545086	547007	 Well done. 	 做得好 	 とても素晴らしい 
550884	554014		 今年，不只是英克尔OS一12的推出 	
555762	566026	 We will be making our Debut on Tokyo's Nikkei index.  ENCOM's stock will now trade around the world.  24/7 	 我们也会在东京日经指数挂牌  英克尔股票将在全球全天候交易 	 さらに東京株式市場に 上場することになりました  ＥＮＣＯＭの株はこれから世界中で 取引されるでしょう　絶え間なく 
566206	568028	 Huh? Oh yes. 	 喔，太好了 	 素晴らしい 
592229	595055	 Excuse me,  Yes, Allan. 	 抱歉  是的，艾伦 	 ちょっといいかな どうぞ　アラン 
595342	600000	 Given the prices we charge to students, schools. 	 评估我们卖给…  学生及学校的售价 	 新バージョン発売で学生や 教育機関に出費を強いる事になるが 
601226	604004	 What sort of improvements have been made in Flynn 	 内容到底有什么改进？这套费林… 	 どこが進化したのかな フリンの物と 
604479	608008	 I mean, uh, ENCOM O.S. twelve? 	 我是说英克尔OS一12？ 	 ＥＮＣＯＭ　ＯＳ１２とは？ 
611110	614014	 This year we put a twelve on the box. 	 今年我们在外盒写上12 	 箱に１２と書いてある 
615273	619019	 Edward: O.S. 12 is the most secure operating system ever released. 	 OS一12是史上最安全的作业系统 	 ＯＳ１２とは最も安全性の 高いシステムです 
619357	623023	 The idea of sharing our software or giving it away for free. 	 之前那些免费或分享软体的主张 	 我が社のソフトウェアを タダで分け与える発想は 
623660	626026	 Disappeared with, Kevin Flynn. 	 跟凯文费林一起消失了 	 フリンと共に消えました 
639997	642042	 We know you're here. 	 我知道你在这 	 そこにいるんだろ？ 
642517	644044	 Let's make this easy. 	 让我们速战速决 	 さっさと出て来い 
647016	648048	 Come on, come on. 	 快点！快点！ 	 ほら　早く 
648773	650050		 「上传中」 	
656855	658058	 FREEZE! 	 别动！ 	 動くな！ 
659009	662002	 Okay, if there are no more questions. 	 如果没有任何问题… 	 ＯＫ  他に質問が無いようだが 
662241	665005	 I would like you to meet, our next blockbuster. 	 让我们来认识下一个明星产品 	 この新たな大ヒット商品を 紹介しよう 
665767	668008	 ENCOM O.S. Twelve. 	 英克尔OS一12！ 	 ＥＮＣＯＭ　ＯＳ　１２！ 
670442	672012	 Whoa! 		 おぉ！ 
672422	674014	 Just a few...bugs. 	 还有一些小问题 	 バグか？ 
674465	676016		 什么东西？ 	
677760	680020		 让我们现在连线到英克尔国际… 	
680263	682022	 Bear with us, one second. 	 请再等一下 	 ちょっと待ってくれ 
682432	687027	 Stop! Stop, stop. Stop, stop, will you just stop.  For one second. 	 让它消失，马上  别再弄了，停，停一下 	 止めろ！早く！早くしろ！ 早く出せ！ 
687520	688028		 现在让我们连线到他们的总部 	
688771	690030		 英克尔的主席里查麦基 	
690440	691031		 即将发表英克尔的… 	
691774	698038	 Nikkei will be open in thirty seconds.  Does anyone know where the master file is?  I do. 	 日经指数挂牌倒数三十秒  有人知道主程式在哪里吗？  我知道 	 日経は３０秒で始まるぞ  マスターファイルはどこだ？ 見ろ！ 
699449	700040	 It's on the web. 	 在网路上 	 ウェブに 
702850	704044	 This is mad, gotta stop this. 	 老天！我们得阻止它 	 早く止めないと 
708321	713053	 We've got to ring that opening bell.  How is this happening, we've got to stop this now. 	 我得去摇铃挂牌  我知道  快把它关掉 	 早く消すんだ  なんとかしてくれ　早く！ 
713127	721001	 No, let's just, shut it down.  -Shut it down, NOW! -Relax.  Relax, it's under control. 	 把它关掉  「删除」  放轻松，麦基，都在控制中 	 消すんだ！ シャットダウンしろ  落ち着いて  もう大丈夫だ 
721145	727007	 Relax?  Our most valuable and most secure operating system is out there for free. 	 放轻松？我们最珍贵最安全的系统  正在让人免费下载！ 	 大丈夫じゃない  他のどの商品よりも 鐘を鳴らすのはＯＳソフトだ 
727134	728008	 How am I suppose to explain that? 	 这叫我怎么解释？ 	 タダで出回ってるんだ 
728596	731011	 I dont' know. Say it was all part of the plan. 	 我不知道，就说是计划的一部分 	 分からない？ まぁ　コレも全部 計画のうちだと 
732914	735015	 A little uh, a little gift from ENCOM. 	 英克尔的小礼物 	 ＥＮＣＯＭからのプレゼントって事で 
735026	739019	 Apparently ENCOM technologies is having some...  -technical difficulties. -No. 	 显然英克尔国际有点技术上问题 	 どうやらＥＮＣＯＭ社に 技術的な... 
740615	743023		 我们先给他们一点时间解决 	 トラブルが発生したようで 
770937	774054	 Hey, Dad.  What are you doing? 	 嗨！老爸，最近好吗？ 	 やぁ　パパ  調子はどう？ 
776567	779059		 「英克尔」 	
780093	784004	 Guard: Where are you going to run to now?  Now you don't want to do that. 	 现在看你跑哪去？  你最好别过来 	 お前 そこで何する気だ？ 止めといたほうがいいよ 
784170	786006	 Didn't anyone tell you, stealing is wrong. 	 没人告诉你，偷窃有罪？ 	 盗みは悪い事だと知らないのか・ 
786773	789009	 Can't steal something that was designed to be free. 	 原本设计为免费的东西是偷不走的 	 元々タダで配るはずだったから 盗みじゃないよ 
789309	792012	 Now I got you.  Don't sweat it, your boss is okay with it. 	 我现在捉到你了  别担心，你的老板会同意的 	 もう　逃がさん あんたのボスは了解してるのか？ 
792667	796016	 -The hell he is. -Sam: Your boss works for the CEO. 	 他会才怪  你老板为董事会工作 	 そんな訳ないだろ  あんたのボスは会長だよ 
796094	800020	 The CEO works for the shareholders.  Now do you know who the biggest shareholder is? 	 董事会为股东工作  你知道谁是最大股东吗？ 	 会長のボスは株主だろ  筆頭株主が誰だか知ってる？ 
801479	803023	 I don't know, some kid. 	 我不知道，某个小鬼 	 どっかの小僧だろ 
806989	809029	 You're Mr. Flynn. 	 你是费林先生？ 	 あんたはフリンか... 
810517	812032	 Why? 	 为什么？ 	 なんで？ 
812970	821041	 This is your father's company.  Not anymore.  Wha..., hey, hey kid.  No, NOOOOOOO! 	 这是你爸爸的公司  不再是了  嘿！小子，不要！ 	 ここはお父さんの会社だろ？  今もね なぁ　待てよ  止めろ！ 
827554	829049	 Woo, hoo, hoo, hooo. 		
833678	835055	 Yeah! 		 やったぜ！ 
835801	837057	 Whoa, whoa, whoa, whoa. 		
842216	843003	 O...kay. 	 开什么玩笑！ 	 あぁ 
844517	848008	 Hey, there he is, get him. 		 あいつを捕まえろ 
848931	850010		 「计程车」 	
851107	853013	 HEY! No free rides. 	 不能搭便车 	 おい！　降りろよ！ 
853895	855015	 Whoa! 		
855982	858018	 No free Taxi, you pay. 	 不能搭便车！下车付钱！ 	
873028	875035	 Hold it right there, freeze! 		
878544	882042	 Okay boys, you got me. 	 好了，各位  你们逮到我了 	 降参だ 
882818	884044	 Hey. 		 よぉ 
898981	900000		 嘿，卡尔 	
916219	919019	 Enjoy it Marv, you earned it. 	 吃吧！阿福，今天辛苦了！ 	 ほら　マーヴィ　今日のギャラだ 
922682	925025	 Why are you in my apartment, Allen? 	 你怎么会在这里，艾伦？ 	 何でアランが家に居るの？ 
926088	929029	 You don't answer your phone. 	 你都不接电话 	 君が電話に出ないから 
931264	937037	 How you been, Sam?  Oh, you know, when I was twelve, I really appreciated the surrogate father thing.  But come on, Allen. 	 最近好吗，山姆？  12岁的时候  我觉得这种代理老爸的安排很棒  拜托，艾伦 	 元気だったか？　サム  １２歳の時は父親代わりで有難かったけど もういいよ　アラン 
937510	942042	 I got it all under control.  Oh, clearly. 	 我现在可以照顾自己  看得出来  怎么了？ 	 ちゃんとやってるからさ  そのようだな 
942052	943043	 What is it? You want to help me with my home work? 	 你想跟以前一样陪我做功课 	 何の用？ 宿題の手伝いに来たの？ 
943776	945045	 Like old times, have a catch. 	 还是玩接球游戏？ 	 それともキャッチボール？ 
947478	951051	 Well you got a, pretty nice view here. 	 你这里…夜景不错 	 ここは中々良い眺めだな 
953265	957057	 Heard you did a triple axel off a roof a few hours ago? 	 听说你今晚在空中翻转三圈半 	 さっき会社の屋上から トリプルアクセルがあったよ 
957901	964004	 Rough landing, huh?  Hmm, could have been worse.  I also thought your message to the board was very clever. 	 着地不顺吗？  有可能更惨的  你给董事会的讯息挺清楚的 	 ...で 着地に失敗 怪我は覚悟の上だよ  それに役員会へのメッセージは 中々のものだった 
964137	967007	 Oh, you like that?  Well, that was Marv's idea. 	 喜欢吗？是阿福的主意 	 あぁ　気に入った？  あれはマーヴィのアイディアだ 
973139	976016	 Allan, we really gonna do this again? 	 艾伦，我们真的又要讨论这个吗？ 	 アラン　あの話は止めない？ 
976710	980020	 Do I really look like I'm ready to run a fortune 500 company? 	 我样子橡可以经营 财星500大企业吗？ 	 俺が全米で500もの 会社を経営出来る者に見える？ 
980494	981021	 No. 	 不橡 	 いいや 
981981	986026	 But truthfully, the companies pretty happy with where you are. 	 说实在的，公司也很满意你的现壮 	 あぁ　実際 君がしゃしゃり出ない方が会社は喜ぶ 
986360	987027		 我相信 	
987209	990030	 See that way they can just keep doing whatever they want. 	 因为那样他们就能为所欲为 	 あいつらが好き放題出来るからな 
992041	999039	 Well I guess what I find curious is the crazy charities,  the annual prank on the company. 	 我只是好奇那些 莫名其妙的慈善捐款  还有每年让公司头痛的恶作剧 	 ただ私が気になるのは 君がチャリティ活動をしてる事だ 
999428	1002042	 Sure have an interesting way of being disinterested, Sam. 	 你让公司对你反感的方式 还真有创意 	 ホントは会社に興味があるんだろ？ 
1002392	1004044	 Why are you here, Alan? 	 你到底有什么目的，艾伦？ 	 何しに来たのさ？ 
1007352	1009049	 I was paged last night. 	 昨晚我的Ca11机响了 	 夕べこいつが鳴った 
1009217	1013053	 Oh man, still rocking the pager, hey?  Good for you. 	 天啊，还在用Ca11机，了不起 	 ホントに　今時ポケベルなんて？  受ける 
1013429	1018058	 Yeah, your Dad once told me I had to sleep with it, I still do. 	 是啊，你爸之前说我得带着它睡觉  我从未离身 	 それは君の父さんが 寝る時に持ってろって 
1018767	1021001	 Page came from your Dad's office, at the arcade. 	 讯息是从你父亲旧办公室传出的 	 ゲームセンターにある 彼のオフィスの番号だ 
1024491	1031011	 So.  So, that numbers been disconnected for twenty years. 	 又怎样？  怎样？  那个号码已经停用了20年 	 それで  ２０年間使われてなかった番号だぞ 
1032577	1036016	 Sam, two nights before he disappeared, he came to my house. 	 山姆，他失踪的前两天来我家 	 サム　彼は姿を消す ２日前の夜　家に来た 
1036324	1047027	 I've cracked it, he kept saying.  He was talking about genetic algorithms,  Quantum teleportation. He said he was about to change everything.  Uh, science, medicine, religion. 	 他一直说「我破解了」  不停说着有关基因运算  量子传输的事  他说他即将改变这世界  科学、医学、信仰 	 問題解決だと言ってな  遺伝的アルゴリズムや 陽子テレポーテーションが  どうとか言ってた　全て変えて見せると 科学も医学も宗教も 
1048371	1051031	 He wouldn't have left that, Sam. 	 他不会一走了之，山姆 	 そのまま消える訳が無い 
1054176	1055035	 He wouldn't have left you. 	 他不会弃你不顾 	 君を捨てる訳が... 
1055471	1059039	 Al, you're the only one who still believes that. 	 喔！艾伦  你是唯一还相信这件事的人 	 そんなこと気にしてるのは 貴方だけだ 
1059190	1062042	 He's either dead, or chillin' in Costa Rica. 	 他要不是死了就是在海边逍遥 	 父親は死んだか コスタリカで遊んでるか 
1062722	1065045	 Probably both. 	 或两者皆是 	 両方でも無い 
1065314	1069049	 I'm sorry.  I'm tired.  I smell like jail. 	 我很抱歉  我累了，全身都是牢房的味道 	 悪いけど  疲れてるんだ！　留置所帰りで 
1069949	1074054	 Let's just reconvene in another couple of years, huh? What do you say? 	 我们隔几年之后再联络，如何？ 	 その話はまた２年経った後で？ どうかな？ 
1078487	1080000	 Here. 	 拿去 	 これを 
1080770	1083003	 These are the keys to the arcade. 	 这是旧办公室的钥匙 	 ゲームセンターの鍵だ 
1083976	1097017	 I haven't gone over there, yet.  I thought you should be the one.  Alan, your acting like I'm going to find him sitting there working.  Just, "Hey kiddo, lost track of time". 	 我还没先过去  应该由你去看一看  你讲得好橡他现就坐在办公室里  然后说「儿子，抱歉！ 我忘了时间」 	 私はまだ行ってない 君が行くべきだ  俺が行くと親父が 普通に仕事してるってこと？  で　こう言う よぉボウズ　久しぶりだな 
1100266	1102022	 Wouldn't that be something. 	 那不是很神吗？ 	 彼とソックリだ 
1110950	1113033	 What? 	 什么？ 	 なんだよ？ 
1123706	1126046		 「费林游戏空间」 	
1209631	1214014	 *you, you.* 	 「英克尔创界」 	
1309058	1311051	 You son of a gun. 	 你这家伙 	 父さん　あんたは！ 
1322863	1325005		 「创界网络」 	
1349473	1351031		 「我是谁费林」 	
1351684	1353033	 Huh. 	 费林 	
1356438	1357037		 「登入错误」 	
1361937	1363043	 Sam: See you got a backdoor. 	 试试后门 	
1367575	1369049		 看你在搞啥鬼？ 	
1375958	1379059		 「雷射光束」，确认 	
1382214	1383003		 「光圈净空？」 	
1420419	1422042	 This isn't happening. 	 不是真的吧？！ 	 これは夢なのか？ 
1438477	1440000	 Oh man, this IS happening. 	 真的发生了！ 	 夢なんかじゃないぞ 
1452020	1454014	 This program has no disk.  Another stray. 	 这程式没有碟，又是一个走失者 	 このプログラムにはディスクが無い 
1454660	1455015			 ただの迷子だ 
1455928	1458018	 Wait, I'm not a program. 	 等一下，我不是程式 	 俺はプログラムじゃない 
1486979	1489049	 He actually did it. 	 他真的做到了 	 とうとうやったぞ 
1492700	1494054	 I'm on the grid. 	 我在创界网络上 	 グリッドに入ったんだ 
1504210	1507007	 Does the name Kevin Flynn mean anything to you? 	 你听过凯文费林这名字吗？ 	 ケビン・フリンという名前 聞いたことある？ 
1507589	1509009	 Be quiet if you want to live. 	 想活命就闭嘴 	 生き残りたいなら黙ってろ 
1509425	1514014	 Programs madly chants: Game, games, the games. Not the games. 	 不要竞技赛，拜托不要… 	 ゲームはイヤだ！ ゲームはイヤだ！  ゲームはイヤだ！ ゲームはイヤだ！ 
1514103	1515015	 What's his problem? 	 他有什么毛病？ 	 なに言ってるんだよ？ 
1515806	1518018		 不要碟战，不要碟战… 	
1518791	1520020			 ゲームはイヤだ！ ゲーム... 
1567649	1569009	 Rectify. 	 校正 	 修正 
1572654	1574014	 Rectify. 	 校正 	 修正 
1576794	1580020	 -Games. -NO! 	 碟战  不，拜托不要 	 - ゲーム - イヤだ！ 
1580265	1593033	 -Please. -Rectify.  Look I know you probably get this a lot,  But there's been a big mistake.  Games.  Please, no, no, no.  Whoa, hey!  Erase me! 	 校正  你一定常听到这句话 但这是个误会  碟战  拜托，不要  删除我吧！ 	 やめて 修正  聞き飽きてるかも知れないけど これは何かの間違いだ  ゲーム  やめて　イヤだ！ おい　放せよ！  やめろ　助けてくれ！ 
1593952	1595035	 AHHHHH! 		
1598138	1600040	 No! 	 不，等一等 	 やめろ！ まて！ まて！ 
1641547	1644024	 Can somebody tell me what the hell. 	 有人能告诉我这是怎么… 	 さて　何が始まるのかな？ 
1648547	1651031	 Hey, hey!  That's got a zipper. 	 嘿！裤子是有拉链的 	 おい！おい！ ジッパーがあるんだよ 
1668736	1670050	 He is different. 	 他不一样 	 あれは異なる 
1678874	1680000	 This can't be good. 	 一定不是好事 	 嫌な予感 
1689939	1695015	 Attention, program. You will receive an identity disc. 	 程式，注意，你将收到身份光碟 	 プログラム　あなたは アイデンティディスクを与える 
1695277	1700020	 Everything you do or learn, will be imprinted on this disc. 	 你所做所学，将会记录于此 	 あなたの行動や学習技術が このディスクに記憶される 
1701478	1705025	 If you lose your disc,  or fail to follow commands. 	 若遗失或不遵从指示 	 ディスクを無くしたり 命令に背いたら 
1705471	1709029	 You will be subject to immediate, deresolution. 	 将会被马上强制删除… 	 あなたは直ちに消去の 対象になる 
1715964	1719039	 Nearly complete. Disc activated and synchronized. 	 复制完成  装置启动，同步化完成 	 ミラーリング完了 ディスクの起動　同期完了 
1719301	1721041	 Proceed to games. 	 进行碟战 	 ゲームを開始せよ 
1722220	1724044	 Games? 	 碟战？ 	 ゲームって？ 
1727809	1729049	 Where you going? 	 你们要去哪？ 	 どこへ行くんだ？ 
1736482	1738058	 What am I suppose to do? 	 我该怎么做？ 	 俺　何すりゃいいんだ？ 
1738820	1740000	 Survive. 	 生存 	 生き残るの 
1774512	1777037	 *Techno music blasting* 		
1792833	1796056	 Combatants, prepare for Disc Wars. 	 所有参战者，准备参与碟战 	
1796503	1800000		 碟战！碟战！ 	
1834249	1836036	 Platform eight. 	 八号碟战场 	 プラットホーム８ 
1836780	1842042	 I have a strange version of you on my shelf.  Combatants 3 and 11. 	 你好橡我书架上的迷你公仔  参战者3号与11号 	 オレ　君のフィギア持ってる  ディスクバトル　戦闘員３対１１ 
1842090	1843043	 Disc wars. 	 碟战开始 	 ディスクバトル 
1853617	1856056	 He definitely didn't do that. 	 但公仔肯定没你这么暴力 	 フィギアはそんな動きをするのか？ 
1887928	1889029	 Damn it. 	 可恶 	 おっと！ 
1897176	1899039	 So that's how it is. 	 原来是这么玩 	 その手に乗るか！ 
1916039	1919059	 Combatant 11, deresolution. 	 参战者11号，强制删除 	 戦闘員１１　消去 
1920009	1923003	 I won!  Now let me out. 	 我赢了！马上放我出去！ 	 勝ったぞ！　出してくれよ！ 
1923081	1927007	 Combatant 3, round one, victory. 	 参战者3号，第一局，胜利 	 戦闘員３　第１ラウンド　勝利 
1927759	1934014	 No unusual activity on the grid.  Security sweeps and patrols have been intensified.  Right to par, on schedule. 	 网络活动毫无异常  加强安全扫描及巡逻  整流器正常 	 グリッド上に支障は無し  警備もパトロールも強化し  修正も予定通り 
1934255	1938018	 Your initiate should be fully operational within twelve cycles. 	 再过12次周期你的计划便可展开 	 計画は１２サイクル以内に 実行されます 
1939326	1951031	 Perhaps if you were to include me,  in this mission, l could be of even greater service.  Computer: Combatant's 3, and 7. Disc wars. 	 如果你可以让我参加行动  我可以做得更多  参战者3号与7号，碟战开始 	 もし　私を作戦に加えて頂けるなら  よりお役に立てると思いますけど  戦闘員３対７　ディスクバトル  戦闘員３対７　ディスクバトル 
1954244	1956036	 Computer: Initiate 	 开始 	 開始 
1959049	1962042	 Yeah.  I'm out of this. 	 好，是时候可以走了 	 やぁ！ おいで 
1969134	1971051	 Combatant 3, victory. 	 参战者3号，胜利 	 戦闘員３　勝利 
1976202	1979059	 Combatant 3, violation. 	 参战者3号，违规 	 戦闘員３　違反 
1979895	1983003	 Combatant 6, deresolution. 	 参战者6号，强制删除 	 戦闘員６　消去 
1983480	1985005	 What is that program? 	 那是什么程式？ 	 あのプログラムは？ 
1986151	1990010	 Combatant three.  Violation. 	 「无法辩识」  参战者3号，违规 	 戦闘員３  違反行為 
1995243	1997017	 Initiate final round. 	 决赛开始 	 次ラウンド　開始 
2001885	2005025	 Combatant 3, versus Rinzler. 	 参战者3号对抗林斯勒 	 戦闘員３　対　リンザラー 
2012260	2014034	 You've gotta be kidding me. 	 开什么玩笑！ 	 いい加減にしてくれよ 
2033820	2036056	 Aw, come on, is that even legal? 	 拜托！这样没有不公平吗？ 	 おい！　そんなのありかよ？ 
2048253	2049009	 Whoa! 		
2057888	2058018	 Yeah! 		
2069308	2072032	 Why do I feel like I just got dumped on. 	 我怎么觉得矮人一截 	 なぜオレだけ目の敵にされる？ 
2078326	2081041	 Come on, huh?  Come on. 	 来呀！过来呀！ 	 こいよ！　　来な！ 
2134549	2137037	 User. 	 使用者 	 ユーザー 
2147669	2150050	 Identify yourself, program. 	 表明你的身份，程式 	 ナンバー漏れプログラムだ 
2151532	2154054	 I'm not a program. 	 我不是程式 	 オレはプログラムじゃない 
2159741	2161001	 Cloaked man: Identify.... 	 表明身份 	 何者だ 
2163086	2165005	 My name is Sam Flynn. 	 我叫山姆费林 	 オレはサム・フリンだ 
2169751	2172012	 Bring him to me. 	 带他过来见我 	 連れて来い 
2174482	2175015	 Let me go. 	 放我走 	 放せよ 
2179427	2181021	 Freaks. 	 怪胎 	 気味悪いな 
2182917	2184024	 Where am I? 	 这是哪里？ 	 ここはどこだ？ 
2187045	2189029	 Am I on the grid? 	 我在网络上吗？ 	 グリッドマンか？ 
2190772	2192032	 Who are you? 	 你是谁？ 	 お前は？ 
2197862	2199039	 Dad. 	 老爸 	 父さん 
2199697	2204044	 Sam.  Look at you, man. 	 山姆，看看你，你长好大了 	 サム  驚いたな　　大きくなって 
2206454	2210050	 How did you get in here?  I got your message. 	 你怎么进来的？  我收到你的讯息 	 どうしてここへ？ ポケベルだよ 
2210681	2213053	 Oh.  So it's just you? 	 只有你来吗？ 	 ほぉ １人で来たのか？ 
2214306	2215055	 Yeah. 	 对 	 あぁ 
2215341	2222002	 Just you.  Wow, isn't this something. 	 只有你  还不错吧？ 	 １人で  たいしたもんだ 
2222520	2223003	 Sam: You look the same. 	 你的样子都没变 	 全然　変わってない 
2223756	2226006	 Oh, a lot has happened, Sam. More than you can imagine. 	 发生了很多事  你想橡不到的事，光碟给我 	 いろいろあったんだ思いも寄らぬことが ディスクを 
2226400	2227007	 This. 		
2232105	2233013	 Kevin: Let's take a look. 	 让我看看 	 お前はどうかな 
2249372	2251031	 Got it. 	 了解了 	 そうか 
2251857	2254034	 Hmm, I expected more. 	 我以为会更精彩 	 たいしたこと無いだろ？ 
2257278	2262042	 So, you were trapped in here.  That's right. 	 所以你被困在这  没错 	 ここに閉じ込められても？  そうだ 
2264846	2268048	 You're in charge.  Right again. Two for two. 	 而你也负责管理这里  两题都正确 	 でも　ここを仕切ってる ああ　そうだ　するどいな 
2268764	2271051	 So, can we just go home now. 	 那我们可以回家了吗？ 	 だったら　家に帰ろうよ 
2272430	2274054	 Not in the cards. 	 没有这条选项 	 それは不可能だ 
2275760	2277057	 Not for you. 	 对你来说 	 お前はな 
2281067	2283003	 That's a hell of a way to treat your son. 	 你怎么这样对待自己儿子 	 息子に対して冷たいね 
2285366	2287007	 Oh, that. 	 喔！儿子 	 その件だが 
2291881	2294014	 I'm not your father, Sam. 	 我不是你的老爸，山姆 	 私はお前の父親じゃない 
2296410	2300020	 But I'm very, very happy to see you. 	 但我非常非常高与见到你 	 でも会えて嬉しいよ 
2303051	2304024	 CLU. 	 库鲁？ 	
2307815	2316036	 Where is he?  Sam: What'd you do to him?  Same thing I'm going to do to you.  User. 	 他在哪？你对他做了什么？  做我将对你做的事，使用者 	 本当の父さんは？  何をしたんだ？  同じ目にあわせてやる 
2337691	2340000	 Greetings programs. 	 程式们，大家好 	 プログラム諸君 
2343216	2347007	 Oh what a vocation we have here before us. 	 这真是个特别的时刻 	 父上は何をしても 偉大になれた 
2347323	2351011	 Because, your rumors are true. 	 你们听说的传言是正确的 	 なぜなら噂は本当だった　確かに 
2351432	2358018	 We do indeed have in our midst,  a user. 	 我们真的有访客  一位使用者！ 	 我々の中にユーザーが存在した  あいつだ！ 
2360525	2363023	 Aaa uuuser. 	 使用者 	 あいつはユーザー 
2365697	2368028	 Jarvis: So, what to do? 	 所以，该怎么办呢？ 	 さあ　どうする？ 
2368844	2373033	 What does this User deserve. 	 要如何款待这位使用者呢？ 	 こいつにはどんなゲームが相応しい？ 
2373168	2378038	 Might I suggest perhaps,  the challenge of the grid. 	 让我建议，来一场网络飙战吧？ 	 私からの提案だが ライトサイクル遊び 
2382881	2388048	 And who best to battle this senior opponent? 	 那么该由谁来跟他对尬呢？ 	 対戦者として 相応しいのは誰だ？ 
2389069	2393053	 Perhaps one who has some experience in these matters. 	 也许找一个有经验的人 	 恐らくバトル経験者の 豊富な者だ 
2396724	2398058	 Oh yes, indeed programs. 	 没错，程式们 	 どうだプログラム達よ 
2399454	2404004	 Your liberator, your luminary. 	 大家的救星  大家的明灯 	 諸君の怒りを導く 
2405003	2407007	 Your leader and beacon. 	 大家共同的伟大首领 	 諸君のリーダー 
2408489	2415015	 The one who vanquished the tyranny of the user.  Those many cycles before. 	 许多周期之前  成功推翻使用者暴政的伟人 	 何人にも打ち勝った ユーザー対  経験豊かな対戦者 
2416623	2419019	 I've been waiting a long time for this. 	 这一刻我期待已久 	 こいつはオレの方が得意だぜ 
2419292	2422022	 CCCCLLLLLLUUUUU. 	 库鲁！ 	
2422879	2426026	 You wanna play?  I'll play. 	 你要玩？我奉陪 	 やるのか？　戦ってやる 
2432639	2434034	 Excellent word, sir. 	 讲稿写的精采，主人 	 素晴らしいお言葉でした 
2434557	2437037	 Were you pleased with my execution? 	 还满意我的表现吗？ 	 あんな言い方で宜しかったですか？ 
2437310	2440040	 The crowd seemed quite energized. 	 群众似乎十分来劲 	 群集は盛り上がったようです 
2441793	2444044	 It wasn't meant for them. 	 不是为他们准备 	 彼らの為の言葉ではない 
2456713	2460000	 What's this?  What do I do with this? 	 这是什么？拿来要做什么？ 	 何だこれは？  どうするんだ？ 
2460750	2463003	 I'll give you a hint. 	 我给你个提示 	 ヒントをやろう 
2463517	2465005	 Not that. 	 不是用来打人的 	 武器じゃない 
2474806	2480020	 Computer: Grid is live.  Computer: Initiate light-cycle battle. 	 网络飙战开始，启动光轮摩托 	 グリッド中継  ライトサイクルバトル 
2494909	2496036	 You got no chance, User. 	 你没指望了，使用者 	 勝ち目は無いぞ　ユーザー 
2496494	2499039	 Their bots are faster than ours. Use the level's. 	 他们车速比我们快，利用段层 	 奴らは手強いぞ　甘く見るな 
2504807	2507047	 Now this I can do. 	 这我没问题 	 これなら得意だ 
2539227	2541021	 Here we go. 	 来吧 	 行くぜ 
2596320	2597017	 Whoa. 		
2607045	2609029	 Hoh, oh! 	 快点！快点！ 	 こっちだぜ！ 
2610126	2611031	 AAAAAH! 		
2624319	2629049	 Hey.  We gotta work together.  It's the only way. 	 我们得合作，这是唯一的路 	 おい！　協力しようぜ  それしかない 
2637760	2640000	 That's it, you got me. 	 就是这样，你逮到我了 	 意味が分からない 
2648260	2649009	 Boo! 		 バカ！ 
2652300	2656016	 Whoo, hoo hoo, keep out.  Now that's what I'm talking about. 	 就是这样做 	 やったぜ  わかった？　こういうこと 
2656443	2659019	 Sam: Another customer.  Let's go. 	 客人上门了，来吧 	 またカモが来た 行くぞ 
2676516	2678038	 Hang on buddy, I'm coming. 	 兄弟等等，我来了 	 待ってろ相棒　いま行くぞ 
2687358	2688048	 Come on. 		 頼む 
2701695	2704004	 This is it.  Come on. 	 就是这样，来吧 	 今度はこっちだ　来い 
2729578	2730030	 NO! 		
2733856	2736036	 Illegal combatant on the grid. 	 网络上出现违规参战者 	 グリッドに不法戦闘員 
2736207	2737037	 Get in. 	 上车！ 	 乗って 
2737408	2739039	 Illegal combatant on the grid. 		 グリッドに不法戦闘員 
2739153	2740040	 GET IN! 	 快点！ 	 早く！ 
2746327	2749049	 System failure, release Rinzler. 	 系统故障，林斯勒出动 	 システムエラー　　リンザラー解放 
2749747	2751051	 Game on old friend. 	 游戏开始了，老朋友 	 ゲーム開始だ　友よ 
2761266	2764004	 Who are you?  Hang on. 	 你是谁？  抓紧了 	 お前は誰だ？ 捕まって 
2792164	2794034	 Oh man, you can't make that. 	 停车！你钻不出去的 	 やめろ！　無茶だ 
2803641	2806046	 Driver: Made it. 	 出来了 	 出来ました 
2814390	2815055	 I'm, Quorra. 	 我是柯拉 	
2815086	2816056			 わたし　クオラ 
2821318	2822002	 They're turning around. 	 他们回头了 	 追いかけて来ない 
2822714	2824004	 Not by choice. 	 并非自愿 	 来れないの 
2824363	2831011	 Their vehicles aren't designed to go off grid.  They'll mal-function on this terrian.  What about us?  Hah, obviously not. 	 他们的车无法跨越网络，会故障  那我们呢？  当然不会 	 あいつらの乗り物は グリッドの外に出たら機能しないの  これは違うのか？ 見ての通りよ 
2838627	2842022	 Where are you taking me?  Patience, Sam Flynn. 	 你要带我去哪？  别急，山姆费林 	 どこへ連れて行くんだ？ あせらないで　サム・フリン 
2842491	2845025	 All your questions will be answered soon. 	 你的一切疑惑很快会得到解答 	 もう直ぐ何もかも分かるから 
2853876	2855035	 Whoa, whoa, whoa, whoa! 	 哇！ 	 おい　おい　おい！ 
2918458	2920040	 Wait here. 	 在这里等 	 待ってて 
2923843	2925045	 Quorra. 		 クオラ 
2926386	2928048	 I dreamed of Tron. 	 我梦到创 	 トロンの夢を見たよ 
2928362	2931051	 First time in years. 	 几年来的第一次 	 何年ぶりだ 
2932221	2933053	 It's a sign. 	 这是一个征兆 	 創造主 
2935015	2938058	 A sign my dear friend, is of a weary soul. 	 是一个疲惫之心的征兆 	 だとしたらもう 疲れたという意味かも知れないが 
2939338	2945005	 I'm afraid something's happened.  Something has happened.  We have a guest. 	 恐怕是发生了什么事  的确有事发生，我们有访客 	 何かあったのか？ あったの  お客様よ 
2946944	2949009	 There are no guests here. 	 我们没有访客，小柯 	 ここに客など来ないよ 
2972955	2975035	 Sam. 	 山姆 	 サム 
2976265	2978038	 Long time. 	 好久不见 	 久し振り 
2980053	2983043	 You have no idea. 	 你无法想橡 	 何年ぶりだ 
2988920	2991051	 You're, you're here. 	 你来了 	 お前　来たのか？ 
2995197	3000000	 You're here.  I'm here. 	 你真的来了  我来了 	 来たのか  来たよ 
3007505	3008008	 You're big. 	 你长好大了 	
3008012	3009009			 大きくなって 
3010090	3012012	 You're. 	 是的，而你… 	 お前は 
3012942	3013013	 Old. 		
3013018	3014014		 老了 	 父さんは　老けたか？ 
3018349	3020020	 How did you get here? 	 你怎么进来的？ 	 どうやって入った？ 
3020893	3023023	 Alan came over. 	 艾伦来家里 	 アランが来たんだ 
3023595	3025025	 Really. 	 布雷迪？ 	 ブラッドリーが？ 
3025773	3028028	 He got your page. 	 是的，他收到你的Ca11机讯息 	 ポケベルが鳴ったんで 
3028609	3032032	 I found your office under the arcade. 	 我发现你的秘密办公室 	 ゲーセンの下のオフィスを見つけた 
3033155	3035035	 Page? 	 Ca11机？ 	 ポケベル？ 
3035699	3039039	 Oh, man, of course. 	 Ca11机？原来如此 	 ポケベルか... 
3043904	3046046	 CLU had him on the Light-Cycle grid. 	 库鲁逼他参加光轮摩托飙战 	 ライトサイクルバトルで 
3046200	3048048	 I intervened. 	 我插手救出他 	 クルーに殺されかけてた 
3049089	3050050	 Oh. 		 おぉ 
3052466	3056056	 Been there soon,  CLU taught them. 	 晚餐时间到了，到时再聊 	 もう直ぐ夕食だ  食べるな？ 
3070575	3074014	 He never thought he'd see you again. 	 他没想到能再见到你 	 二度と会えないと思ってたの 
3075962	3078018	 Yeah. 	 我懂 	 オレも 
3084737	3089029	 Vintage.  Flynn built it many cycles ago for the games. 	 老古董了，费林很久以前打造的 	 新着モデルよ！  フリンが何サイクルも前に ゲーム用に作ったの 
3090129	3096036	 It doesn't get out as much as it used to, but.  Still the fastest thing on the grid. 	 虽然不常使用，不过…  依旧是网络上最快的 	 最新モデルより早いわ  勿論　グリッドの中でも 
3119366	3121001	 Do you know it? 	 你知道怎么玩吗？ 	 これ知ってる？ 
3121702	3127007	 His patience usually beats out my more,  aggressive strategy. 	 他的耐心总是能胜过我的…  躁进战术 	 フリンには勝てないの 攻撃的な戦法でも 
3131211	3135015	 Flynn shared them with me.  I've read them all. 	 费林跟我分享这些，我都读过了 	 フリンが貸してくれて  全部　読んじゃった 
3135701	3146026	 Wow, you like reading.  Tolstoy, Dostoyevsky, Lee Chang, Journey without a goal. 	 轻松小品，托尔斯泰  杜斯妥也夫斯基，易经  没有目的的旅程 	 あぁ　よくやるよ  トルストイ  ドストエフスキー  たくさんある 
3146727	3151031	 Must have a killer ending.  Flynn is teaching me about the art of the selfless. 	 结局一定很劲爆  费林正在教我无私的艺术 	 気が狂いそうだ  フリンは人の為に作る事を 教えてくれた 
3151398	3156036	 About, removing oneself from the equation. 	 如何从等式中将自己移除 	 自分を犠牲にすることも 
3156226	3161041	 But, between you and me.  Jules Verne is my favorite. 	 告诉你，我最喜欢朱勒凡尔纳 	 でも　ここだけの話よ 一番好きなのはジュリース・バーン 
3162159	3168048	 Do you know, Jules Verne?  Sure.  What's he like? 	 你认识朱勒凡尔纳吗？  当然  他是什么样的人？ 	 ジュリース・バーン知ってる？ あぁ  彼どんな人？ 
3177716	3180000	 Your move Flynn, come on. 	 该你了，费林 	 お前の番だ　フリン 
3181053	3183003	 Come on. 	 放马过来 	 さぁ来い 
3205119	3210030	 How old are you now, Sam?  - Uh, - You should be 27. 	 你几岁了，山姆？  你应该27了 	 サムは何歳なの？ あぁ　おそらく２７だろ 
3210194	3212032	 I just turned 27. 	 对，27 	 そう　２７だ 
3212417	3216036	 Do you attend a college?  Cal-Tech. 	 你有上大学吗？  加州理工学院 	 大学は？ カリフォルニア工科大 
3217464	3221041	 Cal-Tech.  My Alma-Mater. 	 加州理工？我的母校 	 そうか　　私の母校だ 
3221427	3224044	 Sam: Yeah.  That's why I dropped out. 	 对啊，直到我退学 	 そう  でも　中退したよ 
3233814	3239059	 Work?  -A job? ENCOM or you, uh... -No. 	 上班了吗？有工作吗？  英克尔？你在…  没有 	 仕事は？  ＥＮＣＯＭで働いてるのか？ いや 
3240226	3243003	 I check in once a year. 	 我一年去一次 	 年に一度　顔を出すけど 
3244465	3246006	 -Life, girlfriend? -A dog. 	 老婆？女朋友？  狗 	 ガールフレンドは？ 犬だけ 
3247327	3253013	 I have one.  A rescue.  Well, dogs uh, dogs are cool. 	 阿福，捡回来的  狗很好 	 捨てられてた  助けてやったんだ  そうか　犬はいい 
3262342	3266026	 I'm sure you must have a few questions of your own, Sam. 	 我想你一定也有问题想问 	 お前もいろいろ聞きたい事が あるだろ？ 
3268974	3271031	 Actually, just one. 	 其实，只有一个 	 ひとつだけ 
3274070	3276036	 Why I never came home? 	 为什么我再也没回家 	 なぜ帰らなかったか？ 
3279855	3286046	 Those nights when I went to the office  I'm sure you figured it out by now,  was to come here. 	 那些晚上我去办公室工作  我想你一定猜到了，我来了这里 	 あの頃はオフィスへ行くと言って  もう分かってると思うが ここへ来てたんだ 
3287367	3292052	 Moving forward into digital space.  Maybe, still. 	 以人类形体进入数位世界  深奥艰涩的东西 	 人間のデジタル化は  画期的だった 
3294374	3296056	 But, I also had you. 	 但我还要照顾你，还有英克尔 	 でも　お前も居たし 
3296752	3304004	 I had ENCOM, I couldn't be in your world all the time.  I needed partners.  To help out. 	 我没有办法一直待在这  我需要帮手  创跟库鲁 	 会社にはまだ言えなかった  パートナーが必要だった  トロン ＆ クルー 
3304171	3307007	 -Tron and CLU. -That's right. 	 没错 	 そうだ 
3309364	3315015	 Tron was created by Alan for the old system.  I brought him here to protect this one. 	 创是艾伦在旧系统创造出来的  我把他带进来保护这个系统 	 トロンはアランが作ったから  ここを守る為に私が連れてきた 
3315270	3317017	 CLU was my creation. 	 库鲁是我的创作 	 クルーは私が作った 
3317189	3321021	 A program designed to create a perfect world. 	 是用来建造完美世界的程式 	 完璧な世界を作る為の プログラムだ 
3321443	3330030	 We were jammin' man, building utopia.  Hours in here were just minutes back home.  Just when I thought it couldn't get anymore profound. 	 我们当时如火如荼，建构乌托邦  这里几小时人类世界只有几分钟  就在我觉得无法再突破时 	 私達は夢中でユートピアを作ったよ  こっちでの時間は向こうで数分だ  知るべき事は知り尽くした と思ったとき 
3330869	3333033	 Something unexpected happened. 	 意想不到的事发生了 	 予期せぬことが起きた 
3333622	3335035	 The Miracle. 	 那个奇迹 	 奇跡さ 
3335520	3339039	 The Miracle.  You remember. 	 那个奇迹，你还记得 	 そう　奇跡だ  覚えてたか... 
3340583	3344044	 Iso's  Isomorphic Algrarithm's. 	 ISO一同形演算法则 	 入ったよ アイソモーピック アルゴリズム 
3344424	3348048	 A whole new life form.  And you created them? 	 一个全新的生命体  你创造出来的吗？ 	 全く新しい生命体だ それを作ったの 
3349265	3350050	 (Laughs) 		
3353016	3361001	 No, no.  They manifested.  Like a flame.  They weren't really, really from anywhere. 	 不，它们无中生有  就橡火焰一般，没有来源 	 いや　違う  現れたんだよ 突然に  何処からともなく 
3361179	3364004	 The conditions were right, and they came into being. 	 只要条件适合，它们就会产生 	 条件が揃えば現れる 
3365028	3371011	 For centuries we dreamed of gods, spirits, aliens.  An intelligence beyond our own. 	 几世纪以来，人类幻想着  上帝，神灵，外星人  比我们更先进的智慧 	 何世紀もの間　我々は神や 聖霊　宇宙人を  越える事を夢見て来た 
3371201	3372012	 You seeing this? 	 你看见了吗？ 	 分かるだろ？ 
3372608	3377017	 I found them, in here.  Like flowers in the waste land. 	 我在这里发现它们  如同荒原中的花朵 	 それをここで見つけたんだ 
3380351	3382022	 Profoundly naive. 	 天真无瑕 	 究極の状態で 
3383964	3387027	 Unimaginably wild. 	 难以想橡的高度智慧 	 想像も付かないくらい賢く 
3388881	3391031	 They were spectacular. 	 他们真是奇特 	 彼らは素晴らしかった 
3391362	3394034	 Everything I'd hope to find in the system. 	 我原希望在这个系统中找到的 	 システムから統制や秩序の 
3394193	3398038	 Control, order, perfection. None of it meant a thing. 	 控制，秩序，完美…  已经完全不重要 	 完璧さを求めても無駄だったんだ 
3398071	3399039	 But living in a hall of mirrors. 	 我以前一直住在镜屋中 	 私の求めたデジタルの世界は 
3400354	3403043	 The Iso's.  Shattered. 	 直到ISO震碎了它 	 あいつの出現によって　否定された 
3403262	3406046	 The possibilities of their root code, their digital DNA. 	 他们的基础序号排列组合  它们的数位DNA 	 彼らのデジタルＤＮＡの 組み換えは 
3406737	3419059	 Disease?  History!  Science, philosophy, every idea,  man has ever had about the universe up for grabs.  Bio digital jazz, man. 	 疾病？历史，科学，哲学…  所有人类对宇宙产生的各种想法  都被打破重新来过  数位生化交织的即与乐章 	 病気なんだ かつ　雄大なんだ！  科学と哲学  人のこれまでの考えが 覆されたんだ  バイオデジタルに 
3419666	3423003	 The Iso's, they were going to be my gift to the world. 	 ISO就是我给全世界的礼物 	 私は入って世界の 戸を開けようとした 
3423128	3425005	 So, what happened? 	 所以，后来呢？ 	 でも何があった？ 
3425714	3429009	 CLU.  CLU happened. 	 库鲁，库鲁产生作用 	 クルー　クルーが動いた 
3432679	3435015		 你要回入口的交通工具准备好了 	
3435515	3437017		 我不喜欢你把时间抓得太紧，费林 	
3437039	3444024	 Kevin: Will you stop worrying about everything, Tron.  Kevin: Everything is fine, everythings under control.  Flynn! 	 别瞎操心了，好吗？创  我都设定好了，一切都在掌控之中  费林 	 何も心配などするな  すべて制御できてる  フリン！ 
3448402	3451031	 Am I still to create the perfect system? 	 我还要继续创造完美的系统吗？ 	 完璧な世界を作るんだよな？ 
3452749	3454034	 Yeah. 	 对 	 そうだ 
3457231	3459039	 Kevin: It was a coup. 	 那是一场叛变 	 クーデターが起きたんだ 
3461333	3462042	 Go! 	 快走 	 逃げろ！ 
3476890	3478058	 You've been corrupted. 	 你变成问题所在 	 お前は墜落した 
3488306	3491011	 Wait....wait! 	 为什么？ 	 待て　待ってくれ！ 
3493686	3495015	 Flynn, go! 	 费林，快逃 	 フリン　逃げろ！ 
3500215	3501021	 Yahhh! 		
3502541	3505025	 Tron, he fought for me. 	 创为我而战 	 トロンは私の為に戦った 
3506428	3509029	 I never saw him again. 	 从此我再也没有见到他 	 彼を見たのはそれが最後 
3510016	3511031	 So why don't you fight? 	 为什么你不挺身而战？ 	 父さんは戦わなかった？ 
3512349	3516036	 He did.  He fed on my resistance. 	 他有  库鲁能吸收我的反抗 	 戦ったの  私が抵抗すれば 
3516087	3519039	 The more I fought, the more powerful it became. 	 我抵抗得越强，他的力量就越大 	 抵抗するほど クルーは強くなった 
3519236	3521041	 It was impressed with him . 	 令人震撼 	 目を見張るほどに 
3522185	3527047	 And my miracle? CLU saw the ISO's as an imperfection. 	 还有我的奇迹？  库鲁将所有ISO视为瑕疵 	 そして彼は私の奇跡 アイソを完璧でないと言って 
3527607	3529049	 So he destroyed them. 	 因此他彻底消灭他们 	 滅ぼした 
3532779	3534054	 The purge. 	 「净化」 	 悲惨にも 
3535031	3539059	 He killed them all?  It was genocide. 	 他把他们都杀了吗？  集体大屠杀 	 １人残らず？ 大虐殺だ 
3539910	3543003	 I tried to get back. But I couldn't get to the portal. 	 我试着回去，但我到不了入口 	 私は戻ろうとしたが 電磁ポータルに辿り着けなかった 
3543915	3548008	 It uses massive power. And it can't stay open forever. 	 它消耗大量能量，又不会一直开着 	 ポータルは一定時間経つと 閉じてしまう 
3548882	3554014	 And like a safe. It can only be opened from the outside. 	 就橡保险箱，它只能由外打开 	 そして外からのみ開けられる 
3556208	3559019	 It closed on me, Sam. 	 它封住我了 	 こちらからは開けられないんだ 
3559514	3562022	 That's why I never came home. 	 因此我再也回不去 	 だから帰れなかったんだ 
3569107	3574034	 So the portal. It activated when I came in.  So it's open, now. 	 所以当我进来时，入口打开了  现在是开的 	 そのポータルはオレが入って来た時に  一度押したから いま開いてるんだろ？ 
3574154	3575035	 Not for long. 	 不会开太久 	 だが小さすぎる 
3575238	3581041	 Only one millicycle, about eight hours.  So, we go now.  Go home. Make a run for it. 	 只一个微电路周期，约8小时  那我们现在走，回家，逃出这里 	 つまり８時間で閉じてしまう  じゃあ　すぐ行こう　家に帰ろうよ 
3581652	3583043	 -Get you out of here. -Kevin: Don't rush. 	 我们会带你离开这儿  不能急 	 今なら間に合う そう焦るなって 
3583379	3586046	 What do you mean, don't rush. The portal's going to close. 	 入口就快关了 	 焦るなって ポータルが閉じてるだろ 
3587940	3589049	 What? What is it? 	 怎样？到底怎么了？ 	 何だよ？どうしたの？ 
3589669	3594054	 The moment Flynn is on the grid, CLU will stop at nothing to obtain his disc. 	 费林一踏上网络  库鲁会不择手段地取得他的光碟 	 フリンがグリッドに入った瞬間 クルーがディスクを奪おうとするわ 
3594131	3599059	 My disc is everything, Sam. It's the master key.  The golden ticket, the way out. 	 我的光碟就是一切，它是关键  出去唯一的路 	 私のディスクは  マスターキーとでも言うから 外へ出るチケットだ 
3600612	3614014	 But not just for me.  -What do you mean? -Our worlds are more connected than anyone knows.  CLU figures if I can be in.  He can be out?  With my disc, it's possible.  And then what? 	 不只适用于我  什么意思？  我们两个世界比想橡中更为紧密  库鲁觉得如果我进得来  他能出得去？  有了我的光碟，有可能  会发生什么事？ 	 しかも誰でも使える  ふたつの世界はつながってる 私がここには入れるなら  クルーも出られる  そう  私のディスクを使えば可能 もしそうなったら？ 
3615362	3620020	 Game over.  The guy doesn't dig imperfection. 	 玩完了，库鲁不能容许瑕疵 	 ゲームオーバー  クルーは完全なものしか許さず 
3622160	3624024	 What's more important than our world? 	 还有哪里比我们的世界更不完美？ 	 不完全な現実を破壊する 
3626206	3629029	 I can't let that happen.  I won't. 	 我不能让它发生，我不允许 	 それはさせられない　絶対に 
3629709	3633033	 So what'll we do?  Nothing? 	 我们现在能干嘛？什么都不做？ 	 だから隠れてるの？　何もせず？ 
3633320	3636036	 It's amazing how productive doing nothing can be. 	 有时什么也不做比你想橡的 更有成效 	 あえて何もしない方が いい時もある 
3636210	3640040	 CLU's planning something.  We've known that for a while. 	 库鲁正在密谋，我们已经知道 	 クルーは何かを計画してるようだ 
3640137	3648048	 Programs have been disappearing, there's unrest out there.  Even revolution. If we sit tight, he might be brought down from the inside. 	 许多程式无故失踪  网络上蠢蠢欲动，山雨欲来  如果我们按兵不动  库鲁可能会被内部推翻 	 私は気付いていた  プログラムが次々と消えていく  プログラムの間では革命の気配さえある クルーは倒されるかも知れない 
3648674	3657057	 The portal's closing. We can't just sit around. We have to move now.  Tell me.  What brought you here?  Through the grid. 	 如果入口即将关闭，不能枯坐  我们必须要立刻行动  告诉我，什么引你进入网络？ 	 でもポータルが閉じかけてる なら早く行かないと  ところで　お前はどうして グリッドに入ったんだ？ 
3657391	3659059	 Alan got your page. 	 你发给艾伦的Ca11机讯息 	 アランのポケベルだよ 
3659401	3667007	 I didn't send any page.  It was CLU. CLU sent that page.  That's why you're here. 	 我没有发任何讯息  是库鲁，他发的讯息  那就是你出现在此的原因 	 私は呼び出してない  クルーだ  クルーの仕業だ おびき出されたのだ 
3667080	3672012	 Kevin: This is all his design.  He wanted a new piece on the board to change the game. 	 这全是他的盘算  他需要新的棋子来扭转局势 	 すべては奴の企みだ 新しいこまを使って  ゲームを変える気だ 
3672608	3684024	 With you he got more than he ever dreamed.  This is precisely what he wants.  Us together, heading for the portal.  It's his game now.  The only way to win is not to play. 	 有你在此，他有梦寐以求的优势  我们一起前往入口，正是他要的  现在换他做庄了  唯一的胜算就是不要下场 	 それは奴の永遠の夢だった  まさに奴はこれを望んでた　我々２人が ポータルに向かえば あいつの思う壺だ  奴のゲームなんだ 勝つ為には戦うな 
3686158	3688028	 Now that's a hell of a way to win. 	 这样过日子还真积极 	 そんな生き方でいいのか？ 
3688303	3690030	 But it is a way. 	 至少能生存下去 	 それもひとつの方法だ 
3694733	3697037	 We can go you home. 	 我们可以回家 	 ２人で帰ろうよ 
3697150	3700040	 Don't you want that? 	 难道你不想吗？ 	 帰りたくないの？ 
3700899	3706046	 Sometimes life has a way of moving you past things like wants and hopes. 	 生活会磨掉人想要的欲望与希望 	 もはや自分の為だけでは 決められない 
3706860	3712052	 That's right, Dad.  Keep telling yourself that. 	 太好了，老爸，继续催眠自己吧 	 そうかい 努力してみるべきでは？ 
3717713	3719059	 Goodnight, Sam. 	 晚安，山姆 	 お休み　サム 
3741795	3744024	 How can he be so afraid of his own creation? 	 他怎会如此惧怕自己的创作？ 	 何でクルーを怖がってるんだ？ 
3744491	3747027	 I mean, he built CLU. Why doesn't he just end him. 	 库鲁是他打造，不能由他终结吗？ 	 自分で作ったんだから 壊してもいいだろ？ 
3748745	3751031	 He could but it would require reintegration. 	 可以，但需要两人重新合体 	 それには再統合しなければ 
3751039	3752032	 Yeah, all right. 	 是，好吧 	 すればいい 
3752422	3756036	 Flynn would never survive the effect.  It would mean the end of them both. 	 费林撑不过这关  会玉石俱焚的 	 フリンの身体がもたない 一緒に死んでしまう 
3756994	3760040	 If he refuses to save himself, then I will. 	 如果他不想自救，那由我来 	 だったらオレが父さんを守る 
3764179	3766046	 How? 	 怎么做？ 	 どうやって？ 
3766270	3768048	 I'm going to the portal. 	 我会穿越入口出去 	 オレがポータルを通す 
3768055	3770050	 CLU wants Flynn's disc, not mine. 	 库鲁要的是他的光碟，不是我的 	 クルーは父さんのディスクが狙いだ 
3770451	3778058	 I'm going to find Allen and we're going to figure this thing out from the other side.  This may be CLU's game here, But in my world he's gone in one keystroke. 	 我去找艾伦  然后从外面想办法  这里也许是库鲁的游戏  但在我世界，一个按键就可除掉他 	 何とか脱出して アレンと一緒に策を練るよ  オレの世界に戻れば キー１つでクルーを消せる 
3778624	3781001	 But I can't do anything unless I get to the portal. 	 但没到入口，我束手无策 	
3783446	3788008	 My guts tell me that you don't want to be stuck in this place for eternity. 	 直觉告诉我  你并不想永远待在这 	 君も永遠にここに 居たそうだけど　違う？ 
3790487	3794014	 I really think you should consider your father's wisdom. 	 我觉得你该相信你父亲的智慧 	 お父さんの言ったこと 良く考えて 
3795283	3797017	 I have. 	 我有 	 分かってる 
3860457	3869029	 There's someone I once knew.  A program named Zuse, who fought along side the ISO's.  They say he can get anyone, anywhere. 	 我曾经认识一个叫宙斯的程式  他曾经和ISO一起奋战  据说他可以送任何人到任何地方 	 思い出したけど  アイソとたたかっていたズースという プログラムがいる  彼が助けてくれる 
3870793	3873033	 How do I find him? 	 怎么找他？ 	 どうすれば会える？ 
3876081	3878038	 This is his sector. 	 这是他的区块 	 ここが彼の居場所 
3881252	3884044	 Make it there alive.  And he'll find you. 	 活着撑到这里，他会找到你 	 たどり着けば 彼の方から見つけてくれる 
3924879	3928028	 Sam. 	 山姆？ 	 サム 
3930018	3931031	 Sam? 		 サム？ 
3963751	3969009		 所有程式在检查站必须出示光碟 	
3973386	3976016	 Hey man, it's your lucky day. 	 嘿，老兄！你今天走运了 	 どうも　今日はついている 
3983086	3986026	 Stop it. 	 拦住他！我们走 	 止まれ！ 
3990236	3994034		 违反本身设计功能的程式将被终结 	
3995742	4007047	 Sam Flynn.  -You remember me. -Yeah.  You gave me some advice.  And you followed it.  Its unfortunate we met the way we did. 	 山姆费林，还认得我吗？  认得，你给过我一些忠告  你也照做了，可惜当时的气氛不佳 	 サム・フリン 私を覚えている  あぁ アドバイスをくれたな 教えてくれって...  違う形で会えて良かった 
4008838	4010050	 You have a good night. 	 晚安 	 それじゃあ 
4010340	4012052	 You're looking for someone. 	 你在找人吗？ 	 何かを探してる？ 
4015322	4017057	 What makes you say that. 	 你为什么这么说？ 	 なぜそう思った？ 
4018144	4020000	 Intuition. 	 直觉 	 逆探知よ 
4022143	4026006	 Sir, sentries downtown,  recovered Flynn's light cycle. 	 主人，巡逻找到费林的光轮摩托 	 サー　　ダウンタウンで フリンのライトサイクルを見つけました 
4027607	4031011	 They've traced it to it's component of origin. 	 我们追查到它的出发位置 	 どこから来たのかも 突き止めました 
4055941	4059039	 Prepare the light-runner Quorra. 	 准备光电四驱车，柯拉 	 ライトランナーを出してくれ 
4059597	4062042	 We're going downtown. 	 我们要进城去了 	 ダウンタウンへ行く 
4084265	4086006	 Thank you for bringing my son to me. 	 谢谢你带我儿子过来 	 息子を連れてきてくれてありがとう 
4086607	4090010	 Flynn, you don't need to go. I sent him to someone we can trust. 	 你不需要去  我让他去找我们信得过的人 	 フリン！  行く気なの？ 信頼できる人を 行かせたから大丈夫よ 
4090671	4096016	 Quorra, there is no choice.  I won't lose him again. 	 没有选择了，我不想再失去他 	 クオラ　行くしかないんだ  あいつを失いたくないのだ 
4097859	4101021	 Chaos, good news. 	 混乱是好消息 	 チャンスはある 
4142388	4145005	 Relax, they're occupied. 	 别担心，他们在忙 	 大丈夫　気付かれないわ 
4151731	4158018	 His name is Castor.  You want to speak to Zuse you're going to have to go through him.  Castor: Where is your sense of humor, my friend? 	 他叫卡斯特，找宙斯得透过他  你的幽默感都到哪里去了，朋友？ 	 彼の名前はキャスター ブースの声は彼を通して聞こえるの  そんな怖い顔しなさんな 
4158135	4161021	 Programs are disappearing, Castor. Soon none of us will be left. 	 程式纷纷无故失踪，卡斯特  很快就轮到你我了 	 プログラムが次々と消えてる 皆で全面協力する 
4161530	4164024	 Zuse can unite the factions, ferment revolution. 	 宙斯可以结合派系，引发革命 	 ズースから皆をまとめて 革命を起こしてくれと 
4164410	4168028	 Well of course Zuse can do these things.  Grant me an audience. 	 宙斯当然办得到  那，安排我会面 	 ズースなら勿論できる 彼に会わせてくれ 
4168164	4171031	 Your enthusiasm is intoxicating my dear bot, 	 你的热情真令人陶醉，巴提克 	 君の熱意には惚れ惚れするよ 
4171298	4174034	 But Zuse's time is precious. 	 但宙斯的时间太珍贵… 	 しかしズースは忙しい 
4174132	4176036	 We shall see. 	 再说吧 	 様子を見させてくれ 
4178257	4180040	 Whispers: I bought your boy, Flynn. 	 我带来了费林的儿子 	 フリンが... 
4180343	4189049	 If you'll excuse me a moment, I have to, uh...  Attend to something, but have a drink.  Courtesy of the "End of line" club. 	 对不起，我有件事要处理  来喝一杯吧，极限俱乐部请客 	 悪いがこれで失礼する  用事ができた　でも飲んでくれ 私のクラブのおごりだ 
4189519	4190050	 It is happening. 	 革命已经开始了 	 始まるのか？ 
4190836	4194054	 Come, away from these primitive functions. 	 来吧，远离这些未开化的程式们 	 事故は原始的なプログラムで 
4195034	4197057	 The son of Flynn. 	 费林的儿子 	 フリンの息子か？ 
4197459	4202002	 Of all the innumerable possibilities.  He has to walk into mine. 	 在无数可能中，他走进了我的店 	 行く先はいろいろあっただろうに 私の店に来てくれるとは 
4203399	4208008	 Libations, for everybody! 	 我请每人一杯酒！ 	 今日は全ておごりだ 
4210398	4214014	 I'm Castor.  Your host. 	 我叫卡斯特，这里的主人 	 私はキャスター あなたは王子 
4214065	4219019	 Provider of any and all entertainment and diversions. 	 各式各样娱乐及消遣的提供者 	 ありとあらゆる場を提供できる 
4219089	4220020	 At your service. 	 竭诚为您服务 	 遠慮なくなんなりと 
4223219	4225025	 I'm looking for Zuse. 	 我在找宙斯 	 ズースを探してる 
4225406	4228028	 Indeed.  Many are. 	 是啊，谁不是呢 	 そういう奴は大勢いる 
4228808	4230030	 Where can I find him? 	 哪里可以找到他？ 	 何処へ行けばいい？ 
4230925	4234034	 This pretty miss, is a conversation best had behind closed doors. 	 往这，我们借一步说话 	 人が居ない場所で 話した方がよさそうだ 
4234923	4238038	 Perhaps we should retire to my private lounge. 	 也许我们应该到我私人包厢 	 私のプライベートラウンジへ 招待しよう 
4240203	4244044	 Uh, designed it myself, you know.  It's true. 	 我自己设计的，真的 	 どうだ？ 私のデザインだ ほんとに！ 
4244393	4249049	 I'm stepping away for a moment, boys.  Change the scheme, alter the mood. 	 我得离开一下，各位  音乐放下去，喇叭催下去 	 それじゃあチョット失礼 音楽を変えて盛り上げろ 
4249120	4253053	 Electrify the boys and girls, if you'd be so kind. 	 让大家high一下 	 男も女も痺れるようなのをかけろ 
4256502	4257057	 Thank you. 	 谢谢 	 サンキュー 
4257709	4260000	 Gem.  My name is, Gem. 	 琴，我的名字叫琴 	 ゲム 私はゲム 
4302048	4304044	 Cozy. 	 挺舒适的 	 快適だ 
4384406	4387007	 -You are CLU. -I am CLU. 	 你是库鲁  我是库鲁 	 - お前はクルーだ - 私はクルー 
4387043	4392012	 You will create the perfect system.  I will create the perfect system. 	 你会创造出完美的系统  我会创造出完美的系统 	 お前は完璧なシステムを作る 私は完璧なシステムを作る 
4395474	4398018	 Together we're going to change the world, man. 	 我们将会一起改变世界 	 ２人で一緒に世界を変えよう 
4425724	4427047	 Let's move. 	 我们走吧 	 行くぞ 
4429193	4433053	 Zuse has been around since the earliest days of the gaming grid. 	 宙斯从最早游戏网络时代就存在 	 ズースは  ゲームグリッドが 生まれたばかりの頃からいる 
4433492	4437057	 By necessity. He has to mine all the percentages. 	 负责从所有角度 	 必然的に　あらゆる戦法やトリックを 
4437642	4439059	 All the angles. 	 演算出所有结果的产出机率 	 知り尽くしてる 
4439274	4441001	 So when do I meet him? 	 我何时可以见他？ 	 いつ会える？ 
4443981	4447007	 You...just...did. 	 你已经见过他了 	 たった　いま　会ってる 
4450480	4454014	 Zuse: After the purge, I needed to reinvent myself. 	 「净化」之后，我得重新塑造自己 	 例の騒動の後 正体を隠す必要があった 
4454526	4457017	 Self preservation, you understand. 	 自我保护，你知道的 	 自己保存　とでも言うか 
4462041	4467027	 Now.  What can I do, for you? 	 现在…有什么需要我帮忙的？ 	 でっ！  何を私に頼みたい？ 
4469256	4471031	 I need to get to the portal. 	 我需要去入口 	 ポータルに行きたい 
4471550	4475035	 Well, it's closing quickly.  As I'm sure, you're aware. 	 它将要关闭了，你应该知道 	 もう直ぐ閉じてしまうぞ  分かってると思うが 
4475712	4479039	 Tick-tock, tick-tock.  And it's quite the journey. 	 时间滴答滴答过去，路途又遥远 	 残り時間は僅か  しかもかなりの長旅だぞ 
4479725	4482042	 Beyond the far reaches of the outlands. 	 比任何的界外更遥远 	 アウトランドの更に向こう側だ 
4482603	4488048	 Your father didn't want any programs, slipping out accidentally, did he. 	 你父亲不想让任何程式溜出去 	 君の父上は他のプログラムが 簡単に近づけないようにしたんだ 
4488442	4499059	 Can you help me?  Of course.  But first, as a man who prides himself on staying well informed.  I must ask, who sent you my way? 	 你能帮我吗？  当然  但身为一个理当无所不知的人  我想知道谁要你过来找我 	 助けてくれるか？ もちろん  その前にあらゆる情報を 知りたいんだろ？  誰が教えた？ 
4502581	4507007	 Her name's, Quorra.  Said she met you a long time ago. 	 她叫柯拉，说她很久前见过你 	 クオラだ！  私の親友だと言ってた 
4507420	4512012	 Indeed she did.  Many cycles ago. 	 是啊，许多周期以前 	 あぁ　確かに  何サイクルも前は 
4512758	4515015	 It was a different time. 	 那是个不同的时代 	 今とはまるで違う時代だ 
4515678	4519019	 But we're not here to relive the past.  Let's see about your future, shall we? 	 现在不是怀念过去的时候  我们该关注是你的未来 	 でも過去のことはどうでもいい 君の未来の話しをしよう 
4519640	4525025	 Now, we'll have to, uh...  change your attire, and you'll need a forged disc.  Not easy these days, by the way. 	 我们得改变你的打扮  伪造一个光碟  最近越来越难了 	 まずは質問　装いを変えて  イズラテクトも必要だ 最近は手に入り難い 
4525099	4531031	 And of course you'll need transport.  To cross the sea of simulation. 	 还需要交通工具横跨模拟之海 	 それから移動時間が無いと  シミュレーションの海を渡る前に 
4542554	4545045	 This is going to be quite a ride. 	 这将会是个毕生难忘的旅程 	 最前の旅になりそうだ 
4557845	4560000	 I believed in users once before. 	 我一度也曾相信过使用者 	 ユーザーを信じた事もあった 
4561328	4563003	 Playing all the angles. 	 原来你们从这个角度 	 これが戦法なのか 
4567688	4569009	 Revenge! 	 反抗！ 	 戦え！ 
4577888	4581021	 The game has changed.  Son of Flynn! 	 游戏有所不同了，费林的儿子 	 状況は変わったのだ フリンの息子よ 
4591463	4593033	 Ha, ha, haaa. 		
4598101	4600040	 Met your friend.  He's fantastic. 	 我见过你朋友了，他真了不起 	 来てくれたのか　彼は素晴らしい 
4600471	4604044	 Behold, the son of our maker. 	 看哪！创造主的儿子！ 	 みんな見ろ　創造主の息子を 
4617854	4619059			 イャー！ 
4629132	4630010	 Yeah, yeah. 		 イャー　イャー！ 
4632368	4633013	 Yeah, yeah. 		 イャー　イャー！ 
4670006	4671051			 Go, go! 
4676589	4679059	 Let's split, man. 	 我们快走 	 早く逃げよう 
4699209	4700020	 Whoa, whoa, whoa. 		 おい　おい　おいっ！ 
4718508	4721041	 Sam: A little help here, maybe. 	 想点办法，好吗？ 	 父さん　頼むよ！ 
4742321	4746006	 Your Disc.  Dad, it's gone. 	 你的光碟，不见了 	 ディスクは  無くなっている 
4746659	4748008	 It is. 	 是的 	 そうだ 
4750454	4752012	 I'm sorry, I know I messed up. 	 对不起，我知道我搞砸了 	 ゴメン　オレが悪いんだ 
4754291	4756016	 Sam: We can go back, I can go back. 	 我们可以回去，我可以回去 	 取り返しに行かなきゃ 
4756210	4758018	 No, we stay together. 	 不，我们得待在一起 	 いや　一緒に居ろ 
4758379	4761021	 Dad, I can do this.  You've done enough all ready. 	 爸，我做得到  你做得够多了 	 オレやれるって これ以上何もするな 
4766762	4769029	 Sam, your really--- 	 你真的… 	 サム　これ以上... 
4771350	4774034	 You're messin' with my Zen thing, man. 	 你真的破坏了我的平静 	 揉め事を増やすな 
4776355	4778038	 She's stable. 	 她的情况已经稳定了 	 容態は安定している 
4778732	4782042	 So what do we do now?  I don't know. Nothing. 	 所以我们现在要做什么？  我不知道，什么都不做 	 これからどうするの？ さあな　何もだ 
4782903	4785045	 We do nothing. 	 我们什么都不做 	 何もしない 
4785698	4787047	 We still, 	 不要动 	 今後は 
4789868	4791051	 ...wait. 	 等待 	 待て 
4799253	4802002	 You ever jump a freight train? 	 你有没有跳过火车？ 	 列車に飛び乗ったことがあるか？ 
4803003	4807007	 Huh?  We do it your way.  It's a long sprint to the portal. 	 我们照你的方式做  全速冲刺到入口 	 はぁっ？  どうしても望むなら ポータルまで全速力だ 
4807469	4809009	 If we beat CLU there we have a chance. 	 如果我们比库鲁早到就还有机会 	 クルーより先に着けばいい 
4809471	4811011	 Let's get her out of here. 	 抱她出去吧 	 クオラを頼む 
4829736	4831031	 This will take us there. 	 这个会带我们到入口 	 こいつに乗っていく 
4858312	4863003	 Is she going to make it?  I don't know, I gotta identify the damaged code. 	 她撑得过去吗？  不确定，我得查出受损的序号 	 彼女　助かるの？ さぁ？  どこにダメージがあるか 付きとめなければ 
4863609	4867007	 The sequence on it is just enormously complex. 	 这个排列组合太错综复杂 	 しかし配列が極めて複雑なんだ 
4868489	4874014	 Sam: But didn't you write it?  (Laughs) Some of it, the rest of it is just, 	 但你不是创造主吗？  只有部分是，其余的都… 	 父さんが書いたんだろ？ 一応はな　だがそれ以外はとても 
4875788	4878018	 beyond me. 	 超出我的能力范围 	 理解できない 
4879792	4882022	 She's an Iso. 	 她是ISO 	 クオラはアイソ？ 
4882169	4885025	 Yeah, the last Iso. 	 最后的ISO 	 あぁ　最後のアイソだ 
4886817	4895035	 All this time you were just, protecting her.  She's the miracle, man.  Everything I ever worked for. 	 所以这些日子…你都在保护她  她就是我说的奇迹  我所做一切研究的目标 	 ずっと父さんは  彼女を守ってたんだね  彼女は奇跡だ 私の夢だったよ 
4896183	4900040	 A digital frontier to reshape the human condition. 	 数位领域以改造人类现壮 	 無限の可能性を持つ デジタル世界の象徴だ 
4900854	4908048	 I always thought that was just a plot line.  In our world, she could change everything. 	 我以为那只是一个口号  在我们的世界，她可以改变一切 	 そんなもの存在しないと思ってた  我々の世界に来れば 彼女は全てを変えられる 
4913749	4916056	 Check that out. 	 看！ 	 これを見ろよ 
4924128	4926006	 She risked herself for me. 	 她为我牺牲了自己 	 命がけで助けてくれた 
4928048	4930010	 Some things are worth the risk. 	 有些东西是值得牺牲的 	 それだけでも価値はあるんだ 
4943990	4946026	 Look at this. 	 你看 	 見ろ 
4948517	4953033	 Now that is impressive,  if I do say so myself, huh? 	 真是令人叹为观止，不是我自夸 	 回復力は見事なものだ そうだろ！ 
4953740	4957037	 Come on, it's going to take a while for her system to reboot. 	 跟我来  她系统重新启动还要些时间 	 彼女が再構築するまで時間が掛かる 
4957161	4960040	 Now it's time for you to tell me a story. 	 现在轮到你讲故事给我听 	 その間にお前の話が聞きたい 
4978390	4984004	 The boy and Flynn are gone.  I presume your Excellency, they perished in the elevator. 	 男孩跟费林不见了！  我猜，主人，他们应该从电梯跑了 	 グリッドもフリンも消えた  エレベーターの中ででも潰れたんだろ 
4988066	4989009	 You presume. 	 你猜的 	 思うだけか？ 
4991778	4994014	 Find them. 	 找到他们 	 見つけろ 
4998004	5004024	 Ice caps are melting,  War in the middle east.  Lakers, Celtics, Batman. 	 冰帽快融化了，中东在打仗  湖人队又对上塞尔蒂克队了 	 氷河が溶けたら 中東で戦争が...  レイカーズ　セルティック　バットマン 
5005209	5008028	 I don't know rich are getting richer. The poor are getting poorer. 	 还有什么，富人越富，穷人更穷 	 金持ちはどんどん金持ちに 貧乏人は貧乏人のまま 
5008253	5011031	 Cell phones, online dating, Wi-Fi. 	 手机，网路约会，无线网路 	 携帯　出会い系　ワイ-ファイ 
5011089	5020040	 What's Wi-Fi?  -Wireless sim-linking -Of Digital devices?  -Yeah. -Oh.  I thought of that when you were five. 	 什么是无线网路？  不用线路的连结  数位装置吗？  对  我在85年有想过 	 ワイ-ファイって何だ？ 無線相互接続  デジタルサービスの事か？ - そう  - へぇ １５年も前に思いついてた 
5025395	5027047	 Mom and Dad, 	 爷爷奶奶… 	 お婆ちゃんとお爺ちゃんは？ 
5029191	5031051	 -I assume let go -Yeah. 	 我猜他们已经…  对 	 もしかしたら　もぅ... あぁ 
5032935	5033053	 Oh. 		 そうか 
5034512	5040000	 Back when I was twelve.  Gram five years later. 	 爷爷是我12岁时，奶奶是5年后 	 お爺ちゃんは１２のときに  お婆ちゃんはその５年後 
5042837	5050010	 You remember that night.  When you didn't come home.  - Well, you said, - I said I'd show you the grid. 	 你还记得那天晚上，你没有回家  你说…  我要给你看创界网络 	 あの夜を覚えてる？ 最後に話した...  父さんは  グリッドを見せると約束した 
5052089	5054014	 You should have seen this place back then. 	 你应该看看那时的创界网络 	 当時のここを見せたかった 
5055425	5063023	 Couldn't wait to show it to you.  The net-way.  Must have been something, before CLU screwed it up. 	 我等不及要给你看  等不及  在库鲁搞砸前应该很炫吧 	 驚いただろうな あれを見れば  クルーが台無しにする前まで 
5063350	5065025	 No, no, he, 	 不，他… 	 クルーがじゃない 
5066770	5069029	 he's me.  I screwed it up. 	 他即是我，是我搞砸了 	 クルーは私だ　　私が悪い 
5070923	5073033	 Crazy after perfection. 	 一味追求完美 	 完璧さを求め過ぎて 
5075237	5079039	 Chasing after what was right in front of me. 	 追逐明明就近在眼前的东西 	 目の前にあるものを 
5079658	5081041	 Right in front of me. 	 我的眼前 	 見落としていた 
5083147	5088048	 Look what you've accomplished.  It's incredible. 	 看看你所创造的，真是了不起 	 大切なものを  でもこれを作り上げた 
5088271	5089049	 Sam. 		 サム 
5090168	5093053	 I'd give it all up for one more day with you. 	 只要能多跟你相处一天  我愿意用这一切来换 	 お前とあと１日過ごせるのが 精一杯だ 
5107142	5108008	 Hey. 		 そうだ 
5108145	5110010	 Remember your old Ducati? 	 你还记得你那辆杜卡迪重机吗？ 	 ドゥカティを覚えてる？ 
5110280	5114014	 You kidding me. There's not a day goes by I don't think about that bike. 	 我没有一天不想它 	 あのバイクの事は 毎日思い出してるさ 
5114026	5118018	 Yeah, well. Fixing her up.  What are you busting my bike? 	 我正在改装它  你把它撞坏了？ 	 いま直してるんだ 壊したのか？ 
5118030	5124024	 Well twenty years in the shed, no tork, I mean.  She knew you were her love. 	 停在仓库20年没铺防水布  它需要一点爱 	 ２０年ほったらかしで 可愛そうだから 
5125537	5127027	 How's she running? 	 它跑得还好吗？ 	 走りはどうだ？ 
5127039	5131031	 Well, when I'm done.  Better than ever. 	 等我修好，会跟新的一样 	 修理が済んだら 前よりも早くなるよ 
5131557	5135035	 Aw man, I'd like to see that. 	 我倒是想看看 	 是非　見たいものだ 
5136548	5138038	 You will. 	 你会的 	 見られるさ 
5141973	5145045	 Here, she's rebooting, give her this. 	 她重新启动了，这个给她 	 クオラが再起動したら飲ませろ 
5145125	5149049	 Your old man is going to knock on the sky, listen for the sound. 	 你老爸要开始冥想放空 	 私は空をノックしてくる音を聞くから 
5175117	5180020	 When Flynn entered the space, ahh, everything changed. 	 当费林踏进来，所有东西都变了 	 フリンがここに現れた時  何もかも全てが変わりました 
5180926	5184024	 Zuse: I've never seen anything quite like it. 	 我从没见过这种壮况 	 全く見た事の無い光景でしたよ 
5184653	5189029	 The aura was palpable. 	 大家对他的尊敬一目了然 	 衝撃  とでも... 
5190552	5197037	 Was it.  I presume our understanding,  is still valid. 	 是吗？  我们的协议还有效吗？ 	 そうか 私の報酬は  前に決めた通りで宜しいですね！ 
5198193	5200040	 Control of the city. 	 由我掌控城市？ 	 シティの支配者 
5200779	5204044	 A sizable request.  I know. But, uh... 	 有点狮子大开口，我也知 	 法外な要求のようですが 分かってる 
5204074	5209049	 Seemingly fitting compensation.  Don't you think? 	 但其实是合理的报酬，不是吗？ 	 ですが... 充分にあると  そうでしょ？ 
5210372	5214054	 How long have you been searching for this?  Hmm? 	 你找费林光碟多久了，库鲁？ 	 どのくらいこれを探してたんです？ クルー？ 
5214577	5218058	 A thousand cycles...huh? 	 数千个周期了，不是吗？ 	 １０００サイクルくらい？ 
5218338	5221001	 Just imagine the secrets it holds. 	 想橡它里面隐藏的的秘密 	 どれだけの秘密がここに 入ってると思います？ 
5224469	5230010	 The master key to any and all,  riddles of the grid, grid, grid. 	 创界网络所有谜题的解答 	 マスターキーほか全て  グリッドに関する謎など　ここに 
5233369	5236016	 There's something else, too.  Isn't there? 	 但还有其它的东西对吧？ 	 でも　それだけじゃない 
5236204	5242022	 I've heard the chatter.  About this private initiative. 	 我听说过某个台面下的计划 	 そうなんでしょ？  小耳に挟みましたよ  あなたの大切な秘密も 
5251830	5258038	 I realize that our alliance is at times,  uneasy. 	 我了解我们的结盟不是非常顺利 	 我々の協力関係は  時には  危うく 
5258086	5260040	 But always necessary. 	 但却是必要的 	 だが　お互いを必要としている 
5261798	5267047	 You know you need me.  Right where I am.  CLU. 	 你也知我在对你有好处，库鲁？ 	 いつまでも私に  居て欲しいでしょ  クルー？ 
5267989	5272052	 Of course, you're right.  You have the drink. 	 你当然是对的  享受你的饮料 	 あぁ　勿論だとも  ゆっくりやってくれ 
5280275	5282002	 End of line, man. 	 极限到此为止 	 世話になったな 
5292246	5298018	 - (Gasps for breath) -Hey, hey.  It's okay, we're safe for now.  We're heading east, towards the portal. 	 没关系，我们现在安全了  我们正向东朝着入口前进 	 落ちつけ　　もう大丈夫  俺たちポータルに向かってる 
5300137	5302022	 CLU has the disc. 	 库鲁拿走光碟 	 クルーのディスクを 
5303048	5306026	 Once I get out, I can shut him down. 	 当我出去后，我就可以将他关掉 	 直ぐに後をつけてる 
5307928	5311031	 I should never have sent you to Zuse.  It was a mistake. 	 我不应该叫你去找宙斯  这是一个错误 	 あなたをズースの所へ行かせたのは 間違いだった 
5311723	5314034	 It's okay, I made a few myself. 	 没关系，我也犯了几个错误 	 良いんだ　オレも間違いばかりさ 
5319523	5321041	 Where is he? 	 他在哪里？ 	 フリンは何処に？ 
5321196	5327047	 I think he's knocking on the sky.  And listening to the sound. 	 我想他还在冥想  放空中 	 空をノックしてると思う  音を聞きながら 
5328573	5332052	 Yeah.  How did you find him? 	 你怎找到他的？ 	 あぁ  どうやって彼を？ 
5342087	5343003	 It's okay. 	 不用怕 	 大丈夫だよ 
5346091	5347007	 I know. 	 我都知道 	 分かってる 
5352597	5355015	 It was during the purge. 	 那是净化时期 	 粛清されてるときに 
5355934	5358018	 CLU was relentless. 	 库鲁大开杀戒 	 クルーは要人と組んでいて 
5358395	5362022	 The Black guard were executing Iso's in the streets. 	 黑卫队在街上处决ISO 	 アイソ達をブラックカードに 処刑させていた 
5362816	5366026	 Everyone I knew,  disappeared. 	 我认识的每个人都消失了 	 私の仲間は　みんな消えた 
5368405	5370030	 Then they came for me. 	 然后轮到我 	 いよいよ私 
5373159	5375035	 So I ran. 	 我逃了 	 私は逃げたの 
5376079	5379039	 As sympathetic programs smuggled me out of the city. 	 有个同情心的程式把我偷渡出城市 	 見方のプログラムは私を 脱出させてくれたけど 
5379624	5384044	 but soon they had me surrounded.  I prepared for the end. 	 但后来他们包围了我  我准备面对大限 	 でも　すでに囲まれていて  私は死を覚悟した 
5384337	5390050	 And just as everything was going dark.  I felt a hand.  On my shoulder. 	 当一切都变黑时  有只手放在我肩膀上 	 目の前が真っ暗になったとき  誰かの手が　　私の肩を 
5392971	5395055	 And when I opened my eyes. 	 当我睁开眼睛 	 目を覚ますと 
5396558	5401001	 Standing above me,  was the creator. 	 站在我身边的是创造主 	 私を見下ろしてたのは 創造主 
5403508	5405005	 Your father. 	 你的父亲 	 あなたの父さん 
5406679	5408008	 He saved me. 	 他救了我 	 助けてくれたの 
5412443	5416016	 I guess you could say I'm, a rescue. 	 应该可以说我是被捡回来的 	 あなたの犬のように 救われたの 
5435430	5442042	 Sam: Hell of a view.  It used to let us know that Flynn was here.  It became a symbol of something bigger. 	 好壮观  它让我们知道费林在这里  它已经成为希望的象征 	 スゴイ眺めだ  昔はこれを見ると フリンが来てると分かって  希望の象徴になってた 
5442228	5446046	 Something, better in this world. 	 有地方比这世界更美好 	 ここよりもいい世界 
5446505	5449049	 I've never been this close before. 	 我从没这么靠近过 	 こんな近くで見るのは初めて 
5450195	5455055	 It's how I imagined a sunrise to be.  Ah, trust me. There's no comparison. 	 我想橡中日出应该就是如此  相信我，这跟真的差很多 	 朝日ってこんな感じ？  いや！　これよりもモット凄い 
5458768	5461001	 What's it like? 	 那应该是怎样？ 	 どんなもの？ 
5462791	5465005	 -The sun? -Yeah. 	 太阳？  对 	 太陽が？ えぇ 
5466044	5468008	 Oh, man. 	 老天 	 そうだな 
5469631	5472012	 I've never had to describe it before. 	 我从没想过要形容它 	 言葉で表したこと無かったけど 
5474344	5475015	 Warm. 	 温暖 	 あったかくて 
5477555	5479019	 Radiant. 	 光芒四射 	 まぶしくて 
5482018	5484024	 Beautiful. 	 美好 	 キレイだ 
5509254	5512052	 Get below.  MOVE! 	 往下找掩护！快 	 下に行くぞ　急げ！ 
5513758	5514054		 这不该出现在这里 	
5514282	5516056	 This isn't suppose to be here. 		 予想はしてたが... 
5520682	5524004	 What happened?  A new course. 	 发生什么事？  航道改变 	 いったい　何が？ リンクが変わってる 
5534696	5536016	 What is this? 	 这些是什么？ 	 どういうこと？ 
5536906	5539019	 CLU can't create programs. 	 库鲁无法创造程式 	 クルーはプログラムを作れない 
5539117	5542022	 He can only destroy and repurpose them. 	 他只能毁灭或改写它们 	 出来るのは破壊と　目的の変更だけだ 
5542662	5545025	 Repurpose them for what? 	 改写做什么？ 	 目的に変更？ 
5548293	5552032		 第六军团请到爱尔法码头报到 	
5555967	5557037	 Sam: He's building an army. 	 他在建立军队 	 軍隊を作ってる 
5558303	5559039	 Let's go. 	 我们走吧 	 行こう 
5559554	5564044		 所有高阶程式请到作战基地报到 	
5589542	5590010		 再见 	
5590249	5592012	 -Goodbye. -Quorra! 	 不，等一下 	 サヨナラ クオラ！　行くな！ 
5592283	5593013	 Quorra. 		
5593094	5596016	 What's she doing?  Removing herself from the equation. 	 她在干嘛？  把她自己从等式中移除 	 何をする気だ？ 自分で決めたんだ 
5613983	5615035	 Tron. 	 是创 	 トロン 
5617195	5619039	 He's alive. 	 他还活着 	 生きてたのか... 
5619781	5621041		 旗舰艇停靠中 	
5625119	5629049	 We can't just let her go.  Sam!  There's another way. 	 我们不能让她牺牲  不，我们还有一个办法 	 このままほっとけない 待て　サム！　方法はある 
5629582	5631051		 旗舰艇停靠中 	
5643221	5645005	 Well done sir. 	 干得好，主人 	 お見事です 
5659404	5662022	 Have you ever seen anything like it? 	 我从没见过这样的东西 	 こんなディスクは見たことがありません 
5662198	5669029	 Humbly, sir.  I know you have greater designs, then any of us understand. 	 容小的说，主人…  我知道你的计划超乎想橡 	 恐らくあなたも 私の理解を超える計画を  お持ちなんでしょうけれども 
5669914	5671031	 What does it do? 	 这可以干什么？ 	 これを使って何を？ 
5697038	5699059	 She's going to wind up like one of them. 	 她最后会变成他们一分子 	 クオラは消されてしまうのか 
5699861	5700000		 继续前进 	
5700101	5701001	 Keep moving, Sam. 		 行くぞ　サム 
5704955	5708008	 (Programs chanting, CLU, CLU) 		
5711456	5715015	 You are a very rare bird, aren't you. 	 你还真是少数民族，不是吗？ 	 お前はかなり珍しいプログラムだな 
5723635	5730030	 Where's your disc? Where is he? 	 你的光碟呢？  他人呢？ 	 ディスクは何処だ？  あいつは何処だ？ 
5731643	5734034	 Must have been so lonely out there. 	 独自在外一定很孤单吧 	 向こうでは寂しかったろうな 
5735772	5738038	 Tragic to be the only one. 	 没有同类真是不幸 	 仲間が1人も居ないんだから 
5740151	5743043	 I've seen what users are capable of, CLU. 	 我了解使用者的能力，库鲁 	 ユーザーが能力あるのを 散々見てきたの 
5743821	5746046	 You don't belong with them. 	 你不属于他们的等级 	 あなたには到底無理よ 
5751245	5754054	 I have something very special in mind for you. 	 我为你准备了特别的计划 	 お前の髪には特別なプログラムがある 
5757543	5761001	 Take her upstairs.  And find them. 	 带她上楼，找出其他两人 	 連れて行け  それから奴らを探せ 
5762006	5767007	 You'll have to excuse me. You arrived just as I was prepared for the toast. 	 请恕我失陪  你们来时我正要举杯庆祝 	 チョット失礼 用事の途中だったので 
5781859	5784024	 CLU begins his speech: Greetings programs. 	 你们好，程式们 	 プログラム諸君 
5788032	5792032	 Together we have achieved a great many things. 	 我们曾经做过不少伟大的事 	 我々は多くの偉業を成し遂げた 
5792174	5800040	 We have created a vast complex system.  We've maintained it,  we've improved it. 	 我们创造出庞大复杂的系统  自我维护，自我改进 	 巨大かつ複雑なシステムを作り 維持し  進化させた 
5800044	5804044	 We have rid it of its imperfection. 	 去除瑕疵 	 不完全なるもの全て消し去った 
5805550	5810050	 Not to mention, ridding of the false deity who sought to enslave us. 	 更别提赶走了想要奴役我们的恶神 	 我々から自由を奪おうとした 支配者の名は言うまでもない 
5812640	5815055	 Kevin Flynn! 	 凯文费林 	 ケビン・フリン！ 
5815977	5819059	 Where are you now? 	 你在哪里？ 	 何処だ？　出て来い！ 
5821315	5827007	 My fellow programs, let there be no doubt.  That our world is a cage no more. 	 我的程式伙伴们，不要再怀疑了  我们的世界不再是个牢笼 	 プログラム諸君 君たちは自由だ  この世界は檻ではなかった 
5827739	5834014	 For at this moment.  The key to the next frontier is finally in our possession. 	 从现在开始，我们已经掌握了  前往下个领域的关键 	 この瞬間から  無限の可能性への鍵は 我らの物となったのだ 
5839667	5847027	 The disc.  And unlike our selfish creator who preserved the privilege of our world only to himself. 	 你的光碟  我不橡想要独占这个世界  自私的创造主一样 	 ディスクだ  ディスクの中心的な創造主は 我我の世界の実権を独り占めにしてた 
5847216	5851031	 I will make their world open, 	 我会开放他们的世界 	 私が彼らの世界へ解き放した 
5851095	5854034	 and available to all of us. 	 让我们所有人分享 	 我々はすべて手に入れる事が 可能となった 
5856684	5862042	 YES!  To all of us. (Soldiers cheer) 	 对，跟我们每个人分享 	 そうだ！  我々のすべてに 
5870573	5882002	 Sam: He's taking all of us with him.  He's figured out how to do it.  And whatever we find there.  There our system will grow, there our system will blossom. 	 他要带领这里所有人  他已经知道要如何进行了  不论我们发现什么东西  在那里，我们的系统会成长  在那里，我们的系统将会茁壮 	 全員連れて行く気だ  方法を見つけたようだ  目的地へ導け  我々のシステムは進化発達をとげ  我々の制度は大きく花開くのだ 
5883920	5888008	 Do this, prove yourselves, prove yourself to me. 	 为我而战，证明你的价值 	 諸君らは良くやってくれた 
5888299	5893013	 Be loyal to me.  And I will never betray you. 	 忠于我，我永远不会背叛你们 	 忠誠に感謝する  私は決して諸君らを裏切らない 
5905817	5907027	 Dad, we have to get your disc. 	 我们必须拿回你的光碟 	 ディスクを取り戻さないと 
5907443	5910030	 No we gotta get to the portal.  You shut them down from the outside. 	 我们一定要到入口  你从外面将他关机 	 ポータルへ向かう お前は外からクルーを消せ 
5910321	5916036	 Even if I make it out you won't last in here.  -Quorra won't last.. -I said it will be all right, come on.  Will you let it go, I'm not going home without you. 	 即使我逃出去，你也无法生存  柯拉也无法生存  没有你我不回去 	 それじゃ父さんは助からないよ  それは覚悟の上だ　だから行け 父さんを置いて帰れないよ 
5917819	5919039	 Sam. 		 サム 
5919497	5921041	 Same team. 	 同一队 	 チームだろ 
5921999	5923043	 Remember? 	 记得吗？ 	 忘れた？ 
5925628	5927047	 I was afraid you were going to say that. 	 我就怕你要说这句话 	 そう言われると忘れてた 
5928631	5931051	 Meet me on the flight deck in five. And get us some wheels. 	 五分钟后在甲板等我  帮我们弄一些交通工具 	 乗り物を調達して フライトデッキに降りよう 
5931165	5933053	 Wheels? What's your plan? 	 交通工具？你想干嘛？ 	 何を考えてる？ 
5933928	5937057	 I'm a user.  I'll improvise. 	 我是使用者，我会想办法 	 オレはユーザーだ アドリブなんて効かない 
5937807	5939059		 把效率提升至极限 	
5941144	5944004	 Rid the new system of its imperfections. 	 把人类世界的瑕疵都除掉 	 新しいシステムから 欠陥品を削除しろ 
5946357	5950010	 My vision is clear. 	 我的计划很明确，程式伙伴们 	 ビジョンは明確だ 
5951362	5955015	 Out there, is a new world! 	 外面就是全新的世界 	 そこに新たな世界が！ 
5955950	5959019	 Out there is our victory. 	 外面就是我们的胜利 	 そこに勝利があるのだ 
5959871	5962022	 Out there, 	 外面… 	 そこに 
5963583	5966026	 is our destiny. 	 就是我们的命运 	 我々の運命がある 
6010046	6013013	 Black Guard: Identify yourself, program. 	 表明身份，程式 	 名を名乗れ　プログラム 
6015593	6019019	 I'm not a program.  My name is Sam Flynn. 	 我不是程式，我是山姆费林 	 プログラムじゃない オレはサム・フリンだ 
6042703	6043043		 表明身份 	
6043169	6045045	 Identify yourself.  I'm taking this vehicle. 	 这飞机我开走了 	 あなたの名は？ オレはこいつに乗りたい 
6045414	6047047	 You are not authorized. 	 你没有被授权使用 	 登録されてない 
6049794	6052052	 Right away, sir. 	 马上好，主人 	 お待ちしておりました 
6053047	6056056	 Watch your step please, as you board the aircraft. 	 登机时请留意您的脚步 	 足元にお気をつけて 
6067478	6068008		 使用者万岁 	
6068102	6070010	 Down with the users. 		 ユーザーはダメ 
6076779	6079019	 Master key, disengaged. 	 主钥匙脱离 	 マスターキー　解除 
6080181	6082022	 Master key, disengaged. 		 マスターキー　解除 
6082410	6086026	 I came with a girl.  A program, where is she? 	 跟我来的女孩，那个程式  她在哪儿？ 	 オレと来た彼女は？ プログラムは何処にいる？ 
6089457	6091031	 Sam. GO! 	 快跑！ 	 サム　逃げて！ 
6106295	6107047	 AAAAH! 		
6117111	6119059	 What are you doing here?  We gotta get to the flight deck. 	 你在这里干什么？  我们得到甲板上 	 どうしたの？ フライトデッキへ 
6119488	6122002	 But CLU will be here any minute. We'll never make it. 	 库鲁随时会过来，我们来不及了 	 もう無理よ クルーがこっちへ向かってる 
6122158	6123003	 Come on. 	 快来 	 いいから 
6129165	6131011	 Come on, kiddo. 	 快点，小子 	 戻って来い 
6134211	6137017	 Radical, man. 	 太好了 	 いかしてるぞ 
6144555	6146026	 Hurry! 	 快 	 急げ！ 
6146156	6148028	 Made it. 	 成功了 	 やったよ 
6166369	6169049	 Try to hold on to this. You're gonna need it. 	 把它拿好，你会需要它的 	 もう取られないで 大事なものでしょ 
6174668	6178058	 You got this, Quorra.  It's all in the wrist. 	 你可以的，柯拉，用手腕的力量 	 お前なら出来る　コツは手首だ 
6193229	6196016		 起飞未经授权 	
6217962	6220040	 Death to the user. 	 使用者该死 	 ユーザーに死を 
6244155	6246006	 Head towards the light, Quorra. 	 柯拉，朝向光柱开 	 光の方へ向かえ　クオラ 
6248534	6250010	 Where did you learn that move back there? 	 刚才的招数你哪学来的？ 	 その技は何処で覚えた？ 
6250453	6253013	 ENCOM tower.  Couple nights ago. 	 英克尔大楼，几个晚上前的事 	 ＥＮＣＯＭタワーで　ついこの間 
6255291	6258018	 ENCOM tower. Huh. 	 英克尔大楼 	 ＥＮＣＯＭタワーか... 
6259795	6263023	 Light-jets.  Here they come. 	 光电战机，来了 	 ライトジェット  追って来た 
6263841	6266026	 -Sam, take the turret. -Huh? 	 山姆，控制发射塔 	 サム　統合へ はぁ？ 
6274933	6277037	 Oh man, I'm all over this. 	 喔，老天！这真的太刺激了 	 これなら任せといて 
6280281	6283043	 Yeaah! 		 イェーイ 
6291228	6294054	 Yeah, ha, ha, ha.  One down, five to go. 	 挂了一台，还有五台 	 イェーイ　どうだ！ 一機撃墜　残り五機 
6299960	6302002	 Nice. 	 干得好 	 上手いな 
6310513	6312012	 We gotta split them up. 	 我们得分散它们 	 分散させろ  分散させろ 
6332500	6333033	 Come on. 		 かかって来い 
6337706	6338038		 不要淹死！ 	
6338072	6340040	 Have a nice swim. 		 泳いでないで 
6345923	6348048	 You gotta get behind them. 	 我们得绕到它们的后方 	 後ろに回りこめ 
6348887	6350050	 Waoooo! 		 ワォォォォ！ 
6355808	6359059	 I don't think this is a good idea.  You're probably right. 	 我想这个主意不太优  你说得对 	 止めた方がいいんじゃないか そうですね 
6364775	6366006	 He's gaining on us. 	 它追上来了 	 追ってくるぞ 
6387138	6388028	 (Laughs) 		
6397057	6398038	 YES! 	 好耶 	 いいぞ！ 
6409987	6411051	 It's jammed. 	 发射器卡住了 	 弾が出ない 
6416660	6420000	 Tron.  What have you become? 	 创，你到底变成什么了？ 	 トロン どうしてここに？ 
6424918	6426006	 Aw, come on. 	 快动啊 	 さぁ　来い 
6429506	6432012	 Flynn, go! 	 费林，快逃 	 フリン　逃げろ！ 
6435346	6437017	 Rinzler, take a shot. 	 林斯勒，攻击 	 いたぞ　撃て 
6440726	6442022	 Finish the game. 	 结束这场游戏 	 くたばれ 
6450451	6452032	 Noooooooo! 	 赶快翻滚 	 まわれ！ 
6464416	6467047	 I, fight for the users! 	 我为使用者而战 	 オレはユーザーの為に戦う 
6468068	6469049	 Aaaaaaah! 		 やめろぉぉぉ！ 
6477137	6479059	 That was him.  It's over. 	 就这样，结束了！ 	 やった　終わった 
6480557	6482002	 It's over! 	 结束了！ 	 終わった！ 
6484084	6485005	 Quorra: Waoooo! 		 やった！ 
6492986	6496016	 Quorra, there's something I need you to do. 	 柯拉，我要你帮我做一件事 	 クオラ　お前に頼みがある 
6544955	6547007	 Let's get you home, Dad. 	 带你回家吧，老爸 	 帰ろう　父さん 
6551086	6553013	 There it is. 	 就在那里，降落 	 あぁ　そうだな 
6553065	6557017	 Take her down.  Hang on.  This could be rough. 	 小心，这可能会有点颠 	 下ろせ 待ってて　かなり揺れるわ 
6609186	6611011	 This is mine. 	 让我来处理 	 これは私がやる 
6616693	6619019	 Had a feeling you'd be here. 	 我就觉得你会在这里 	 ここにいると思ったよ 
6619219	6626026	 The cycle's haven't been kind, have they.  Well, you don't look so bad. 	 周期对你不太友善，是吧  是，你看起来气色不错 	 しっかりしてたな　お前  お前はあまり変わらないな 
6627204	6631031	 I did everything.  Everything you ever asked. 	 我做了该做的，你要求的每一件事 	 お前に頼まれたことは 全部　成し遂げたぞ 
6631333	6636036	 I know you did.  I executed the plan. 	 我知道你都做了  我执行了整个计划  从你的角度看来如此 	 分かってる  プランも実行した 自分なりにな 
6636086	6642042	 As you saw it.  You, you promised that we would change the world, together. 	 你答应我要一起改变世界 	 お前は約束したんだぞ 一緒に世界を変えると 
6642344	6649049	 You broke your promise.  I know, I understand that now.  I took this system to its maximum potential. 	 你违背了你的承诺  我知道，我现在了解了  我带领这系统发挥到最大极限 	 なのに裏切った そうだ  今になって分かった  私はシステムを最高の レベルまで高めた 
6649810	6656056	 I created the perfect system.  The thing about perfection, is that it's unknowable. 	 我创造了完美的系统  关于完美，它本身就是不可知 	 完璧なシステムを作った  完璧かどうかは 我々が決めることじゃない 
6656650	6657057		 它是不可能的 	
6657091	6661001	 It's impossible, but it's also right in front of us all the time. 	 但它也随时存在我们眼前 	 作り出せる物でもない 初めから存在していたんだ 
6661446	6665005	 You wouldn't know that because I didn't when I created you. 	 你不能理解  因为我在创造你当时也不明白 	 お前は昔のままだから それが分からない 
6666910	6669009	 I'm sorry, CLU. 	 我很抱歉，库鲁 	 すまなかった　クルー 
6670998	6673013	 I'm sorry. 	 我很抱歉 	 すまなかった 
6683665	6684024	 (Grunts) 		
6694938	6697037	 Go. 	 去吧 	 行け 
6709620	6711051	 CLU! 	 库鲁！ 	 クルー！ 
6711663	6714054	 Remember what you came for. 	 记住你为什么来这里 	 やるべきことが他にあるだろう 
6727971	6728008		 爸！ 	
6728262	6729009	 DAD! 		 父さん！ 
6729056	6730010	 CLU: You knew I'd beat you. 	 你明知道我会击败你 	 分かってたはずだ 
6730390	6734014	 And still you did all this.  For him. 	 你仍然为他做了这些？ 	 こうなることは 息子の為か？ 
6739816	6740020		 不 	
6740240	6741021	 No. 		 違う 
6746823	6750030	 No.  Why? 	 不，为什么？ 	 違う！  何の為に？ 
6751161	6752032	 He's my son. 	 他是我的儿子 	 大事な息子だぞ 
6758919	6760040	 Gooooo! 	 快走！ 	 逃げろ！ 
6765801	6766046		 爸！ 	
6766099	6767047	 Dad! 		 父さん！ 
6773392	6777057	 Sam, it's time.  No! 	 山姆，时候到了  不！ 	 サム！　時間だ！  いやだ！ 
6777187	6780000	 Sam.  It's what he wants. 	 山姆，这是他想要的 	 サム　彼の望みよ 
6782192	6784004	 I'm not leaving you. 	 我不会抛下你！ 	 置いていけないよ 
6784695	6786006	 Take her. 	 带她走！ 	 クオラを頼む 
6797749	6799019	 Yes. 	 很好 	 父さん！ 
6826778	6828048	 Goodbye, kiddo. 	 再见，小子 	 さらばだ　息子よ！ 
6859936	6861021		 不！ 	 ノォォォ 
6932833	6934034	 Alan. 		 アラン 
6938682	6940040	 You paged me? 	 你有CALL我吗？ 	 呼んだか？ 
6940976	6941041		 对 	
6941408	6943043	 Yeah. 		 あぁ 
6943414	6946046	 You jet ENCOM at 8AM. 	 我要你八点到英克尔碰面 	 朝８時にＥＮＣＯＭに来て 
6947691	6949049	 What about the board? 	 董事会呢？ 	 しかし　委員会が... 
6950986	6953053	 We trim them out. 	 你现在是主席了 	 あなたの会社のために 
6955282	6957057	 I'm taking the company back, Alan. 	 我要收回公司，艾伦 	 会社を取り戻そう 
6961872	6966006	 Oh, and you were right. 	 喔，还有…你是对的 	 あぁ　そうそう  言うとおりだった 
6967460	6969009	 About what? 	 关于什么？ 	 何が？ 
6970505	6972012	 About everything. 	 关于每件事 	 何もかも 
6989274	6991031		 「费林游戏空间」 	
6997032	6998038	 What's next, Sam? 	 接下来呢，山姆？ 	 じゃあ　次は何するの？ 
7003973	7007047	 I guess we're suppose to change the world. 	 我想我们该改变这世界 	 全世界を変えるってのは？ 
7011421	7014054		 来吧，我想给你看样东西 	
